1,frame_number,Time,avg_u,avg_v,feature_matching
2,1,0.03462513661202186,0.0,0.0,74
3,2,0.06925027322404372,-1.133,-0.895,81
4,3,0.10387540983606558,-0.918,-0.976,84
5,4,0.13850054644808743,0.89,-2.681,77
6,5,0.17312568306010928,0.755,-0.638,82
7,6,0.20775081967213116,0.656,-0.192,80
8,7,0.242375956284153,0.965,-0.453,73
9,8,0.27700109289617486,1.155,-0.86,80
10,9,0.31162622950819674,0.156,0.0,79
11,10,0.34625136612021856,0.975,0.5,89
12,11,0.38087650273224044,1.079,0.002,75
13,12,0.4155016393442623,0.574,-0.818,73
14,13,0.45012677595628414,0.249,-1.617,83
15,14,0.484751912568306,-0.299,-0.032,79
16,15,0.5193770491803279,1.556,1.003,76
17,16,0.5540021857923497,1.251,1.127,81
18,17,0.5886273224043715,0.417,-0.973,77
19,18,0.6232524590163935,0.608,0.097,75
20,19,0.6578775956284153,-0.216,-1.03,66
21,20,0.6925027322404371,0.603,-1.182,66
22,21,0.7271278688524591,-0.245,-1.013,74
23,22,0.7617530054644809,15.965,-2.897,80
24,23,0.7963781420765027,19.935,-1.866,82
25,24,0.8310032786885246,22.818,-2.65,82
26,25,0.8656284153005465,21.346,-1.056,79
27,26,0.9002535519125683,23.08,-4.411,79
28,27,0.9348786885245902,23.128,-2.658,72
29,28,0.969503825136612,23.803,-1.807,78
30,29,1.004128961748634,22.929,-3.386,81
31,30,1.0387540983606558,22.622,-2.634,84
32,31,1.0733792349726776,23.707,-4.372,79
33,32,1.1080043715846994,24.893,-3.8,86
34,33,1.1426295081967213,22.859,-2.114,76
35,34,1.177254644808743,23.875,-1.89,68
36,35,1.2118797814207651,23.414,-1.346,75
37,36,1.246504918032787,23.219,-0.932,78
38,37,1.2811300546448088,22.904,-1.128,79
39,38,1.3157551912568306,23.402,-1.623,83
40,39,1.3503803278688524,23.876,-1.668,77
41,40,1.3850054644808742,23.623,-1.104,83
42,41,1.4196306010928963,22.965,-2.016,81
43,42,1.4542557377049181,23.106,-2.462,78
44,43,1.48888087431694,21.516,-2.912,83
45,44,1.5235060109289618,22.14,-2.016,83
46,45,1.5581311475409836,23.862,-0.6,76
47,46,1.5927562841530054,23.262,-2.122,75
48,47,1.6273814207650272,22.964,-0.269,74
49,48,1.6620065573770493,22.454,-4.367,76
50,49,1.696631693989071,22.796,-1.903,78
51,50,1.731256830601093,23.433,-1.608,83
52,51,1.7658819672131147,22.576,-3.081,75
53,52,1.8005071038251366,22.537,-1.753,64
54,53,1.8351322404371584,23.463,-2.004,71
55,54,1.8697573770491804,22.343,-3.371,80
56,55,1.9043825136612023,22.519,-1.683,74
57,56,1.939007650273224,23.707,-1.774,83
58,57,1.973632786885246,22.608,-2.758,81
59,58,2.008257923497268,21.737,-2.614,89
60,59,2.0428830601092898,22.243,-2.578,73
61,60,2.0775081967213116,22.704,-1.721,78
62,61,2.1121333333333334,22.619,-3.224,75
63,62,2.1467584699453552,23.105,-2.41,77
64,63,2.181383606557377,22.589,-2.215,76
65,64,2.216008743169399,24.095,-1.196,75
66,65,2.2506338797814207,21.432,-0.76,85
67,66,2.2852590163934425,22.317,-2.231,79
68,67,2.3198841530054644,22.198,-1.906,73
69,68,2.354509289617486,22.96,-2.55,85
70,69,2.389134426229508,22.914,-1.863,80
71,70,2.4237595628415303,22.718,-2.061,77
72,71,2.458384699453552,22.488,-1.842,78
73,72,2.493009836065574,22.587,-2.403,82
74,73,2.5276349726775957,23.004,-1.879,80
75,74,2.5622601092896176,23.571,-1.624,79
76,75,2.5968852459016394,21.094,-1.742,79
77,76,2.631510382513661,22.889,-2.03,71
78,77,2.666135519125683,23.385,-3.195,76
79,78,2.700760655737705,22.018,-1.794,70
80,79,2.7353857923497267,22.426,-1.745,78
81,80,2.7700109289617485,23.39,-3.118,77
82,81,2.8046360655737703,22.864,-2.631,76
83,82,2.8392612021857926,23.447,-3.041,74
84,83,2.8738863387978144,22.845,-4.126,81
85,84,2.9085114754098362,23.992,-3.716,69
86,85,2.943136612021858,23.395,-0.949,78
87,86,2.97776174863388,21.083,-2.843,72
88,87,3.0123868852459017,22.673,-2.704,67
89,88,3.0470120218579235,22.45,-2.073,82
90,89,3.0816371584699453,22.588,-2.335,77
91,90,3.116262295081967,22.927,-1.914,74
92,91,3.150887431693989,23.401,-3.252,73
93,92,3.185512568306011,22.102,-3.617,74
94,93,3.2201377049180326,22.956,-1.709,77
95,94,3.2547628415300545,23.511,-2.466,77
96,95,3.2893879781420767,22.41,-2.402,75
97,96,3.3240131147540986,23.748,-2.469,81
98,97,3.3586382513661204,21.7,-2.828,75
99,98,3.393263387978142,22.624,-1.848,87
100,99,3.427888524590164,22.521,-2.172,72
101,100,3.462513661202186,22.394,-1.965,71
102,101,3.4971387978142077,22.025,-1.799,82
103,102,3.5317639344262295,23.049,-2.98,81
104,103,3.5663890710382513,22.447,-1.76,79
105,104,3.601014207650273,22.912,-1.95,79
106,105,3.635639344262295,22.813,-2.012,76
107,106,3.670264480874317,20.722,-3.147,71
108,107,3.7048896174863386,23.027,-1.449,75
109,108,3.739514754098361,22.313,-0.924,77
110,109,3.7741398907103827,22.718,-2.564,75
111,110,3.8087650273224045,22.273,-3.535,82
112,111,3.8433901639344263,22.803,-1.693,78
113,112,3.878015300546448,23.612,-2.723,74
114,113,3.91264043715847,22.567,-1.909,74
115,114,3.947265573770492,22.302,-2.286,77
116,115,3.9818907103825136,22.338,-2.155,79
117,116,4.016515846994536,22.946,-0.41,74
118,117,4.051140983606557,22.741,-1.768,76
119,118,4.0857661202185795,22.865,-3.826,77
120,119,4.120391256830601,22.391,-1.474,72
121,120,4.155016393442623,22.104,-1.824,77
122,121,4.189641530054645,21.987,-1.919,75
123,122,4.224266666666667,20.734,-2.622,75
124,123,4.258891803278688,21.328,-1.122,79
125,124,4.2935169398907105,22.219,-2.032,67
126,125,4.328142076502732,22.394,-2.019,74
127,126,4.362767213114754,23.115,-1.127,80
128,127,4.397392349726776,22.084,-2.293,70
129,128,4.432017486338798,21.872,-1.94,72
130,129,4.46664262295082,21.893,-1.794,76
131,130,4.501267759562841,22.108,-1.891,72
132,131,4.535892896174864,22.986,-2.074,79
133,132,4.570518032786885,22.587,-2.258,80
134,133,4.605143169398907,22.66,-2.152,82
135,134,4.639768306010929,22.267,-2.018,75
136,135,4.674393442622951,22.65,-2.852,68
137,136,4.709018579234972,21.743,-2.376,75
138,137,4.743643715846995,20.961,-1.681,75
139,138,4.778268852459016,22.176,-2.001,73
140,139,4.812893989071038,21.874,-2.661,83
141,140,4.8475191256830605,22.295,-2.301,72
142,141,4.882144262295082,21.52,-1.26,80
143,142,4.916769398907104,22.152,-1.841,77
144,143,4.951394535519126,21.793,-1.616,77
145,144,4.986019672131148,21.963,-1.657,85
146,145,5.020644808743169,22.275,-2.183,77
147,146,5.0552699453551915,21.624,-3.138,82
148,147,5.089895081967213,22.481,-2.054,68
149,148,5.124520218579235,21.284,-2.654,65
150,149,5.1591453551912565,22.156,-2.04,74
151,150,5.193770491803279,21.962,-2.288,77
152,151,5.2283956284153,22.932,-1.392,73
153,152,5.263020765027322,22.234,-2.068,74
154,153,5.297645901639345,22.465,-2.213,77
155,154,5.332271038251366,23.662,-1.832,74
156,155,5.366896174863388,23.096,-1.086,79
157,156,5.40152131147541,22.051,-2.252,80
158,157,5.436146448087432,21.885,-2.292,82
159,158,5.470771584699453,22.593,-2.375,92
160,159,5.505396721311476,22.262,-2.205,74
161,160,5.540021857923497,21.998,-1.766,72
162,161,5.574646994535519,22.491,-1.903,75
163,162,5.609272131147541,22.365,-2.1,79
164,163,5.643897267759563,22.082,-2.14,85
165,164,5.678522404371585,22.951,-2.95,73
166,165,5.7131475409836066,22.289,-2.244,71
167,166,5.747772677595629,22.128,-2.409,74
168,167,5.78239781420765,21.493,-3.075,76
169,168,5.8170229508196725,21.61,-3.059,83
170,169,5.851648087431694,21.882,-1.911,70
171,170,5.886273224043716,20.441,-0.221,58
172,171,5.9208983606557375,12.636,-4.17,65
173,172,5.95552349726776,9.96,-3.022,71
174,173,5.990148633879781,17.622,-2.94,46
175,174,6.024773770491803,26.315,-2.283,46
176,175,6.059398907103825,37.391,-3.215,67
177,176,6.094024043715847,33.296,-2.275,68
178,177,6.128649180327869,22.383,-3.789,42
179,178,6.163274316939891,10.014,-3.125,65
180,179,6.197899453551913,8.915,-2.611,73
181,180,6.232524590163934,15.234,-1.838,61
182,181,6.267149726775957,25.989,-1.777,37
183,182,6.301774863387978,37.741,-2.758,76
184,183,6.3364,33.358,-3.304,82
185,184,6.371025136612022,25.575,-5.361,40
186,185,6.405650273224044,10.608,-2.441,62
187,186,6.440275409836065,10.078,-1.93,73
188,187,6.4749005464480875,15.173,-1.583,58
189,188,6.509525683060109,24.153,-2.874,55
190,189,6.544150819672131,34.646,-2.135,74
191,190,6.5787759562841535,33.018,-3.157,76
192,191,6.613401092896175,21.84,-2.889,50
193,192,6.648026229508197,12.462,-2.459,62
194,193,6.6826513661202185,8.058,-1.724,73
195,194,6.717276502732241,11.543,-4.001,63
196,195,6.751901639344262,25.041,-2.319,50
197,196,6.786526775956284,34.87,-2.795,74
198,197,6.821151912568306,34.329,-4.247,74
199,198,6.855777049180328,22.342,0.157,46
200,199,6.890402185792349,13.426,-2.753,54
201,200,6.925027322404372,8.835,-1.874,72
202,201,6.959652459016393,12.573,-0.549,54
203,202,6.994277595628415,24.125,-1.46,58
204,203,7.028902732240438,33.985,-3.985,79
205,204,7.063527868852459,34.452,-2.177,84
206,205,7.098153005464481,25.628,-2.717,54
207,206,7.132778142076503,13.86,-2.298,57
208,207,7.167403278688525,9.736,-4.422,76
209,208,7.202028415300546,12.36,-3.464,72
210,209,7.2366535519125685,23.476,-3.329,42
211,210,7.27127868852459,32.522,-3.757,67
212,211,7.305903825136612,32.767,-1.937,69
213,212,7.340528961748634,25.004,-1.72,48
214,213,7.375154098360656,12.482,-7.231,42
215,214,7.409779234972677,8.822,-4.096,69
216,215,7.4444043715846995,11.039,-2.934,68
217,216,7.479029508196722,22.068,-1.37,55
218,217,7.513654644808743,32.058,-3.208,72
219,218,7.548279781420765,33.625,-3.461,75
220,219,7.582904918032787,27.344,0.131,58
221,220,7.617530054644809,15.539,-0.788,53
222,221,7.65215519125683,9.487,-3.338,76
223,222,7.686780327868853,11.11,-2.101,65
224,223,7.721405464480874,18.695,-1.671,37
225,224,7.756030601092896,31.713,-3.923,66
226,225,7.790655737704918,34.935,-1.551,68
227,226,7.82528087431694,26.544,-2.768,61
228,227,7.859906010928961,17.44,-1.717,48
229,228,7.894531147540984,9.903,-2.008,68
230,229,7.929156284153006,11.917,-1.241,79
231,230,7.963781420765027,18.086,-1.764,43
232,231,7.9984065573770495,30.484,-3.49,65
233,232,8.033031693989072,35.675,-1.07,77
234,233,8.067656830601093,27.957,-0.091,63
235,234,8.102281967213115,18.1,-3.676,65
236,235,8.136907103825136,8.465,-3.993,77
237,236,8.171532240437159,10.807,-1.625,61
238,237,8.20615737704918,21.105,-2.465,59
239,238,8.240782513661202,29.552,-2.643,51
240,239,8.275407650273223,35.759,-1.104,77
241,240,8.310032786885246,29.052,-1.843,58
242,241,8.344657923497268,17.316,0.433,63
243,242,8.37928306010929,8.161,-3.653,75
244,243,8.413908196721312,9.99,-2.999,67
245,244,8.448533333333334,19.876,-2.105,49
246,245,8.483158469945355,29.692,-1.666,61
247,246,8.517783606557376,33.777,-2.962,72
248,247,8.5524087431694,29.138,-3.571,72
249,248,8.587033879781421,21.072,-5.334,57
250,249,8.621659016393442,8.5,-3.564,74
251,250,8.656284153005464,10.114,-3.745,63
252,251,8.690909289617487,17.652,-1.478,55
253,252,8.725534426229508,29.094,-4.572,58
254,253,8.76015956284153,34.801,-0.931,88
255,254,8.794784699453553,31.907,-2.403,59
256,255,8.829409836065574,20.442,-2.96,48
257,256,8.864034972677596,10.821,-3.024,75
258,257,8.898660109289617,9.899,-4.028,74
259,258,8.93328524590164,18.194,-2.04,63
260,259,8.967910382513661,24.603,-2.2,58
261,260,9.002535519125683,33.626,-3.699,83
262,261,9.037160655737704,31.139,-2.001,58
263,262,9.071785792349727,19.862,-1.708,54
264,263,9.106410928961749,11.859,-1.46,75
265,264,9.14103606557377,7.823,-2.928,71
266,265,9.175661202185793,15.582,0.024,49
267,266,9.210286338797815,25.299,-4.085,62
268,267,9.244911475409836,32.682,-3.642,80
269,268,9.279536612021857,29.738,-2.323,67
270,269,9.31416174863388,21.86,-1.772,52
271,270,9.348786885245902,11.341,-4.772,63
272,271,9.383412021857923,9.766,-2.568,75
273,272,9.418037158469945,16.31,-1.498,47
274,273,9.452662295081968,24.864,-1.158,60
275,274,9.48728743169399,32.755,-3.799,78
276,275,9.52191256830601,29.774,-2.092,71
277,276,9.556537704918032,22.115,-1.146,53
278,277,9.591162841530055,14.25,-1.922,65
279,278,9.625787978142077,9.532,-3.108,70
280,279,9.660413114754098,16.076,-2.527,67
281,280,9.695038251366121,24.511,-0.207,57
282,281,9.729663387978142,32.071,-2.654,71
283,282,9.764288524590164,32.736,-3.27,75
284,283,9.798913661202185,23.278,-1.876,55
285,284,9.833538797814208,11.582,-1.788,60
286,285,9.86816393442623,7.564,-2.139,73
287,286,9.902789071038251,14.592,-2.124,57
288,287,9.937414207650273,24.96,-1.738,62
289,288,9.972039344262296,34.535,-3.533,69
290,289,10.006664480874317,31.696,-0.159,73
291,290,10.041289617486338,23.757,-1.734,49
292,291,10.075914754098362,15.341,-4.239,64
293,292,10.110539890710383,13.159,-3.671,80
294,293,10.145165027322404,13.198,-0.982,71
295,294,10.179790163934426,23.302,-5.09,52
296,295,10.214415300546449,32.602,-4.269,67
297,296,10.24904043715847,31.583,-2.207,67
298,297,10.283665573770492,25.448,-2.095,50
299,298,10.318290710382513,13.488,0.485,61
300,299,10.352915846994536,8.887,-3.072,70
301,300,10.387540983606558,14.617,-1.629,61
302,301,10.422166120218579,23.806,-1.671,45
303,302,10.4567912568306,29.702,-4.011,71
304,303,10.491416393442623,31.999,-3.035,67
305,304,10.526041530054645,27.503,-3.817,57
306,305,10.560666666666666,16.316,-2.054,44
307,306,10.59529180327869,10.316,-3.575,71
308,307,10.62991693989071,13.977,-1.824,64
309,308,10.664542076502732,25.59,-2.302,61
310,309,10.699167213114753,30.195,-4.039,72
311,310,10.733792349726777,33.131,-1.876,70
312,311,10.768417486338798,24.902,-4.484,46
313,312,10.80304262295082,16.148,-1.688,48
314,313,10.83766775956284,10.258,-3.029,69
315,314,10.872292896174864,14.107,-0.661,68
316,315,10.906918032786885,22.156,-1.693,60
317,316,10.941543169398907,29.414,-3.1,64
318,317,10.97616830601093,34.058,-1.946,72
319,318,11.010793442622951,29.224,-1.264,57
320,319,11.045418579234973,18.782,-2.858,56
321,320,11.080043715846994,10.262,-1.951,71
322,321,11.114668852459017,11.948,-1.838,86
323,322,11.149293989071039,21.341,-2.262,56
324,323,11.18391912568306,27.955,-4.181,74
325,324,11.218544262295081,33.292,-1.854,71
326,325,11.253169398907104,26.528,-1.52,65
327,326,11.287794535519126,15.531,-2.819,67
328,327,11.322419672131147,10.475,-1.625,70
329,328,11.35704480874317,12.652,-2.041,78
330,329,11.391669945355192,22.458,-4.585,59
331,330,11.426295081967213,29.382,-2.799,62
332,331,11.460920218579234,32.352,-1.926,75
333,332,11.495545355191258,29.287,-0.76,61
334,333,11.530170491803279,19.349,-3.344,55
335,334,11.5647956284153,10.871,-4.646,79
336,335,11.599420765027322,11.306,-1.975,69
337,336,11.634045901639345,18.88,0.596,60
338,337,11.668671038251366,28.089,-3.171,56
339,338,11.703296174863388,33.2,-1.78,63
340,339,11.737921311475409,24.405,-0.675,62
341,340,11.772546448087432,19.968,-3.734,58
342,341,11.807171584699454,11.302,-3.04,68
343,342,11.841796721311475,12.287,-3.307,70
344,343,11.876421857923498,17.463,-3.558,70
345,344,11.91104699453552,26.891,-1.179,68
346,345,11.945672131147541,33.222,-1.823,66
347,346,11.980297267759562,28.019,-2.859,61
348,347,12.014922404371585,19.307,-3.163,64
349,348,12.049547540983607,11.358,-1.954,63
350,349,12.084172677595628,13.672,-1.279,72
351,350,12.11879781420765,18.578,-1.163,58
352,351,12.153422950819673,27.909,1.249,65
353,352,12.188048087431694,34.398,-3.446,70
354,353,12.222673224043715,30.078,-3.753,70
355,354,12.257298360655739,21.425,-1.863,67
356,355,12.29192349726776,12.4,-0.649,76
357,356,12.326548633879781,11.781,-1.908,66
358,357,12.361173770491803,16.152,-2.273,63
359,358,12.395798907103826,27.26,-1.264,76
360,359,12.430424043715847,32.623,-2.144,73
361,360,12.465049180327869,29.373,-2.793,77
362,361,12.49967431693989,21.999,-2.236,58
363,362,12.534299453551913,14.273,-2.743,68
364,363,12.568924590163935,12.4,-1.69,78
365,364,12.603549726775956,18.839,-1.725,55
366,365,12.638174863387977,26.305,-4.91,64
367,366,12.6728,32.158,-1.672,60
368,367,12.707425136612022,29.852,-3.218,79
369,368,12.742050273224043,22.838,-2.028,63
370,369,12.776675409836066,11.998,-3.583,74
371,370,12.811300546448088,12.658,-2.89,71
372,371,12.84592568306011,16.988,-1.765,69
373,372,12.88055081967213,26.48,-0.567,60
374,373,12.915175956284154,31.649,-3.611,70
375,374,12.949801092896175,30.802,-0.764,70
376,375,12.984426229508196,22.122,-3.405,66
377,376,13.019051366120218,12.169,-0.48,55
378,377,13.053676502732241,10.807,-3.023,67
379,378,13.088301639344262,17.325,0.217,70
380,379,13.122926775956284,26.002,-2.706,56
381,380,13.157551912568307,32.818,-2.026,69
382,381,13.192177049180328,33.928,-4.365,65
383,382,13.22680218579235,24.699,-3.001,59
384,383,13.261427322404371,14.712,-2.776,65
385,384,13.296052459016394,11.708,-2.051,67
386,385,13.330677595628416,14.076,-0.978,67
387,386,13.365302732240437,22.828,-0.361,58
388,387,13.399927868852458,30.757,-3.069,67
389,388,13.434553005464482,31.552,-4.282,74
390,389,13.469178142076503,22.855,-1.404,64
391,390,13.503803278688524,16.664,-2.922,58
392,391,13.538428415300546,11.672,-2.922,71
393,392,13.573053551912569,15.108,-3.442,69
394,393,13.60767868852459,26.01,-5.707,62
395,394,13.642303825136612,33.434,-4.22,68
396,395,13.676928961748635,30.058,-3.956,64
397,396,13.711554098360656,25.154,-2.829,62
398,397,13.746179234972677,17.14,-4.657,59
399,398,13.780804371584699,11.936,-1.747,76
400,399,13.815429508196722,15.329,-1.825,60
401,400,13.850054644808743,22.123,-0.278,61
402,401,13.884679781420765,30.87,-1.593,65
403,402,13.919304918032786,30.93,-2.825,70
404,403,13.95393005464481,26.344,-2.0,57
405,404,13.98855519125683,16.678,-2.363,54
406,405,14.023180327868852,12.759,-2.675,65
407,406,14.057805464480875,14.553,-3.289,74
408,407,14.092430601092897,23.48,-1.779,63
409,408,14.127055737704918,29.518,-2.394,65
410,409,14.16168087431694,30.013,-2.588,67
411,410,14.196306010928962,25.64,-1.724,61
412,411,14.230931147540984,18.451,-1.539,60
413,412,14.265556284153005,11.782,-1.747,75
414,413,14.300181420765027,13.721,-2.846,63
415,414,14.33480655737705,21.175,-2.215,67
416,415,14.369431693989071,28.717,-1.699,69
417,416,14.404056830601093,30.815,-2.735,71
418,417,14.438681967213116,24.643,-2.752,60
419,418,14.473307103825137,18.033,-1.941,57
420,419,14.507932240437158,13.015,-2.966,71
421,420,14.54255737704918,12.576,-1.957,75
422,421,14.577182513661203,19.372,-2.779,59
423,422,14.611807650273224,28.675,0.546,73
424,423,14.646432786885246,30.084,-3.737,80
425,424,14.681057923497267,27.568,-0.043,64
426,425,14.71568306010929,17.776,-4.51,69
427,426,14.750308196721312,11.465,-1.75,66
428,427,14.784933333333333,13.562,-4.378,71
429,428,14.819558469945354,20.672,-4.12,76
430,429,14.854183606557378,28.381,-4.696,81
431,430,14.888808743169399,32.13,-2.681,69
432,431,14.92343387978142,24.329,0.696,74
433,432,14.958059016393443,19.233,-1.874,69
434,433,14.992684153005465,12.398,-2.646,69
435,434,15.027309289617486,13.692,-1.991,78
436,435,15.061934426229508,18.793,-2.638,67
437,436,15.09655956284153,27.249,-1.315,71
438,437,15.131184699453552,29.009,-3.645,67
439,438,15.165809836065574,27.718,-0.406,71
440,439,15.200434972677595,18.652,-3.157,66
441,440,15.235060109289618,12.88,-2.973,85
442,441,15.26968524590164,11.976,-2.971,70
443,442,15.30431038251366,17.949,-2.422,66
444,443,15.338935519125684,27.759,-0.842,75
445,444,15.373560655737705,32.028,-2.437,74
446,445,15.408185792349727,28.44,-1.717,71
447,446,15.442810928961748,20.452,-1.864,60
448,447,15.477436065573771,13.746,-1.636,76
449,448,15.512061202185793,13.425,-1.995,77
450,449,15.546686338797814,18.011,-1.306,59
451,450,15.581311475409835,26.06,-3.04,66
452,451,15.615936612021859,31.671,-1.952,73
453,452,15.65056174863388,28.953,-2.812,81
454,453,15.685186885245901,20.334,-2.808,54
455,454,15.719812021857923,15.032,-1.497,71
456,455,15.754437158469946,11.917,-0.621,69
457,456,15.789062295081967,17.783,-1.509,62
458,457,15.823687431693989,26.488,-4.309,63
459,458,15.858312568306012,30.468,-0.683,69
460,459,15.892937704918033,27.439,-3.669,77
461,460,15.927562841530055,21.245,-1.589,72
462,461,15.962187978142076,12.062,-3.477,70
463,462,15.996813114754099,12.902,-1.329,76
464,463,16.03143825136612,17.042,-0.862,70
465,464,16.066063387978144,26.419,-1.063,59
466,465,16.100688524590165,30.941,-2.649,71
467,466,16.135313661202186,28.95,-1.404,65
468,467,16.169938797814208,23.515,-4.629,69
469,468,16.20456393442623,15.532,-2.671,63
470,469,16.23918907103825,13.327,-0.963,71
471,470,16.273814207650272,17.632,-1.482,63
472,471,16.308439344262297,23.633,-2.726,61
473,472,16.343064480874318,29.887,-2.986,68
474,473,16.37768961748634,29.89,-3.105,65
475,474,16.41231475409836,22.298,-1.864,49
476,475,16.446939890710382,15.952,-0.88,69
477,476,16.481565027322404,13.461,-2.568,71
478,477,16.516190163934425,18.159,-2.786,77
479,478,16.550815300546446,24.343,-2.029,64
480,479,16.58544043715847,29.99,-1.663,62
481,480,16.620065573770493,30.824,-5.614,78
482,481,16.654690710382514,22.192,-2.342,65
483,482,16.689315846994536,14.755,-2.485,67
484,483,16.723940983606557,11.458,-2.84,71
485,484,16.75856612021858,16.296,-2.688,80
486,485,16.7931912568306,24.489,-2.685,68
487,486,16.827816393442625,29.067,-3.689,84
488,487,16.862441530054646,30.499,-4.073,83
489,488,16.897066666666667,23.719,-0.58,68
490,489,16.93169180327869,18.834,-2.208,74
491,490,16.96631693989071,13.308,-1.465,75
492,491,17.00094207650273,13.451,-1.658,57
493,492,17.035567213114753,25.542,-1.773,61
494,493,17.070192349726778,27.616,-3.859,70
495,494,17.1048174863388,28.63,-3.745,82
496,495,17.13944262295082,26.076,-2.273,65
497,496,17.174067759562842,15.247,-3.276,56
498,497,17.208692896174863,13.093,-1.411,77
499,498,17.243318032786885,15.471,-1.437,74
500,499,17.277943169398906,20.784,-2.36,61
501,500,17.312568306010927,30.957,-3.937,70
502,501,17.347193442622952,29.381,-2.575,79
503,502,17.381818579234974,26.147,-1.211,68
504,503,17.416443715846995,16.71,-1.202,68
505,504,17.451068852459017,12.807,-1.361,71
506,505,17.485693989071038,13.733,-2.277,73
507,506,17.52031912568306,21.394,-2.412,77
508,507,17.55494426229508,28.913,-2.485,87
509,508,17.589569398907106,30.904,-4.304,71
510,509,17.624194535519127,24.347,-2.175,76
511,510,17.65881967213115,17.359,-1.162,67
512,511,17.69344480874317,12.18,-2.301,77
513,512,17.72806994535519,14.919,-1.478,74
514,513,17.762695081967212,23.222,-1.121,60
515,514,17.797320218579234,26.97,-3.862,70
516,515,17.831945355191255,32.427,-3.021,69
517,516,17.86657049180328,26.096,-1.491,68
518,517,17.9011956284153,17.707,-1.309,81
519,518,17.935820765027323,10.823,-3.499,66
520,519,17.970445901639344,13.323,-2.554,71
521,520,18.005071038251366,19.875,-3.449,62
522,521,18.039696174863387,28.911,-2.701,73
523,522,18.07432131147541,30.785,-1.531,66
524,523,18.108946448087433,27.326,-1.719,59
525,524,18.143571584699455,18.93,-2.181,64
526,525,18.178196721311476,12.844,-1.068,68
527,526,18.212821857923498,13.61,-1.245,62
528,527,18.24744699453552,20.873,-1.011,73
529,528,18.28207213114754,25.423,-1.397,63
530,529,18.31669726775956,30.769,-1.753,79
531,530,18.351322404371587,25.069,-1.39,70
532,531,18.385947540983608,19.912,-1.785,71
533,532,18.42057267759563,10.943,-0.931,73
534,533,18.45519781420765,14.274,-1.83,67
535,534,18.489822950819672,18.737,-2.408,66
536,535,18.524448087431693,28.12,-0.496,78
537,536,18.559073224043715,29.869,-3.266,81
538,537,18.593698360655736,29.216,-1.423,71
539,538,18.62832349726776,19.077,-2.709,66
540,539,18.662948633879783,13.382,-2.976,77
541,540,18.697573770491804,12.061,-3.43,76
542,541,18.732198907103825,18.742,-0.225,62
543,542,18.766824043715847,27.201,-3.949,70
544,543,18.801449180327868,30.911,-1.963,71
545,544,18.83607431693989,26.879,-1.391,75
546,545,18.870699453551914,20.2,-3.648,79
547,546,18.905324590163936,14.929,-1.912,70
548,547,18.939949726775957,13.033,-2.405,80
549,548,18.97457486338798,20.275,-1.306,59
550,549,19.0092,26.677,-2.357,67
551,550,19.04382513661202,30.618,-1.595,73
552,551,19.078450273224043,27.855,-1.427,80
553,552,19.113075409836064,21.715,-1.394,70
554,553,19.14770054644809,13.008,-4.0,76
555,554,19.18232568306011,15.037,-3.085,68
556,555,19.21695081967213,18.479,-1.805,77
557,556,19.251575956284153,24.991,-2.504,71
558,557,19.286201092896174,29.229,-1.544,68
559,558,19.320826229508196,28.379,-1.368,69
560,559,19.355451366120217,21.956,-1.424,75
561,560,19.390076502732242,13.836,-2.579,74
562,561,19.424701639344264,13.272,-2.012,73
563,562,19.459326775956285,18.202,-3.159,65
564,563,19.493951912568306,25.666,-1.71,81
565,564,19.528577049180328,29.192,-3.734,81
566,565,19.56320218579235,27.142,1.315,63
567,566,19.59782732240437,19.86,-4.063,65
568,567,19.632452459016392,14.885,-1.276,60
569,568,19.667077595628417,12.716,-2.887,82
570,569,19.701702732240438,17.58,-1.668,74
571,570,19.73632786885246,23.708,-2.347,76
572,571,19.77095300546448,30.376,-1.084,70
573,572,19.805578142076502,28.117,-4.713,73
574,573,19.840203278688524,23.197,-1.581,72
575,574,19.874828415300545,14.573,-3.288,62
576,575,19.90945355191257,13.575,-2.144,80
577,576,19.94407868852459,17.221,-2.172,70
578,577,19.978703825136613,23.272,-2.901,76
579,578,20.013328961748634,29.508,-2.636,73
580,579,20.047954098360655,29.316,-2.541,86
581,580,20.082579234972677,21.956,-1.913,84
582,581,20.117204371584698,15.886,-1.407,73
583,582,20.151829508196723,13.299,-1.847,77
584,583,20.186454644808745,17.576,-1.35,73
585,584,20.221079781420766,22.324,-2.346,60
586,585,20.255704918032787,29.879,-1.355,75
587,586,20.29033005464481,30.054,-3.503,80
588,587,20.32495519125683,23.582,-1.222,76
589,588,20.35958032786885,16.76,-0.995,72
590,589,20.394205464480873,13.318,-1.253,73
591,590,20.428830601092898,16.42,-1.995,74
592,591,20.46345573770492,21.773,-2.391,77
593,592,20.49808087431694,29.836,-0.251,81
594,593,20.532706010928962,28.816,-3.299,69
595,594,20.567331147540983,24.772,-1.699,66
596,595,20.601956284153005,17.061,-1.84,77
597,596,20.636581420765026,13.259,-1.677,85
598,597,20.67120655737705,15.602,-0.454,77
599,598,20.705831693989072,22.702,-0.985,72
600,599,20.740456830601094,26.941,-1.874,81
601,600,20.775081967213115,30.434,-4.785,81
602,601,20.809707103825136,24.54,0.16,68
603,602,20.844332240437158,17.302,-1.06,65
604,603,20.87895737704918,12.896,-1.25,66
605,604,20.9135825136612,16.552,-1.299,70
606,605,20.948207650273226,25.611,-2.783,68
607,606,20.982832786885247,28.577,0.277,70
608,607,21.01745792349727,30.134,-1.421,72
609,608,21.05208306010929,24.661,0.788,67
610,609,21.08670819672131,17.102,-2.168,77
611,610,21.121333333333332,13.919,-3.095,80
612,611,21.155958469945354,15.356,-1.658,77
613,612,21.19058360655738,19.389,-3.794,74
614,613,21.2252087431694,28.451,0.362,65
615,614,21.25983387978142,30.495,-1.838,70
616,615,21.294459016393443,25.148,-2.244,74
617,616,21.329084153005464,17.445,-3.798,76
618,617,21.363709289617486,13.598,-2.099,79
619,618,21.398334426229507,15.168,-1.545,71
620,619,21.432959562841532,20.908,-1.09,56
621,620,21.467584699453553,27.121,-0.855,81
622,621,21.502209836065575,31.068,-1.953,76
623,622,21.536834972677596,25.294,-2.143,68
624,623,21.571460109289617,19.082,-1.336,69
625,624,21.60608524590164,14.011,-1.255,73
626,625,21.64071038251366,14.011,-1.865,77
627,626,21.67533551912568,20.036,-2.968,78
628,627,21.709960655737707,27.121,-0.267,81
629,628,21.744585792349728,29.147,-2.491,71
630,629,21.77921092896175,26.598,0.64,62
631,630,21.81383606557377,19.634,-1.618,77
632,631,21.848461202185792,14.142,-1.233,74
633,632,21.883086338797813,14.528,-1.403,74
634,633,21.917711475409835,19.365,-2.521,65
635,634,21.95233661202186,26.161,0.134,76
636,635,21.98696174863388,29.377,-0.716,72
637,636,22.021586885245902,26.524,-1.462,70
638,637,22.056212021857924,20.344,-3.309,75
639,638,22.090837158469945,13.98,-2.52,78
640,639,22.125462295081967,13.29,-4.23,75
641,640,22.160087431693988,20.587,-1.416,79
642,641,22.19471256830601,27.773,0.731,70
643,642,22.229337704918034,29.747,-2.234,71
644,643,22.263962841530056,26.349,-3.289,79
645,644,22.298587978142077,21.118,-2.233,76
646,645,22.3332131147541,13.859,-2.35,63
647,646,22.36783825136612,15.196,-1.232,68
648,647,22.40246338797814,19.892,-1.566,76
649,648,22.437088524590163,26.843,-0.475,79
650,649,22.471713661202187,28.618,-2.378,71
651,650,22.50633879781421,27.577,-1.0,72
652,651,22.54096393442623,21.275,-1.102,73
653,652,22.57558907103825,16.04,-0.687,69
654,653,22.610214207650273,14.235,-1.398,74
655,654,22.644839344262294,18.638,-2.153,85
656,655,22.679464480874316,25.792,-4.351,77
657,656,22.71408961748634,28.316,0.645,74
658,657,22.748714754098362,26.963,-0.972,84
659,658,22.783339890710383,21.576,-1.974,77
660,659,22.817965027322405,16.008,-1.37,70
661,660,22.852590163934426,12.006,-3.29,77
662,661,22.887215300546448,19.063,-2.49,72
663,662,22.92184043715847,22.603,-2.888,76
664,663,22.95646557377049,27.861,-1.875,77
665,664,22.991090710382515,28.911,-2.784,64
666,665,23.025715846994537,22.5,-0.856,66
667,666,23.060340983606558,15.148,-3.202,66
668,667,23.09496612021858,14.39,-1.336,76
669,668,23.1295912568306,16.806,-5.18,70
670,669,23.164216393442622,22.848,-2.319,77
671,670,23.198841530054644,28.301,-3.212,84
672,671,23.23346666666667,29.184,-0.63,70
673,672,23.26809180327869,21.965,-2.525,70
674,673,23.30271693989071,15.969,-1.179,72
675,674,23.337342076502733,12.69,-2.011,79
676,675,23.371967213114754,18.314,-2.28,76
677,676,23.406592349726775,22.549,-2.685,67
678,677,23.441217486338797,27.739,-2.319,82
679,678,23.475842622950818,26.992,-2.798,73
680,679,23.510467759562843,21.803,-0.041,67
681,680,23.545092896174864,17.361,-1.665,69
682,681,23.579718032786886,14.124,-0.608,73
683,682,23.614343169398907,18.332,-2.251,69
684,683,23.64896830601093,24.625,-1.576,71
685,684,23.68359344262295,27.209,-2.357,73
686,685,23.71821857923497,29.491,-1.998,71
687,686,23.752843715846996,22.835,-2.764,73
688,687,23.787468852459018,16.674,-3.661,72
689,688,23.82209398907104,12.686,-2.307,67
690,689,23.85671912568306,18.148,-2.213,69
691,690,23.891344262295082,22.071,-2.423,68
692,691,23.925969398907103,29.055,-1.416,68
693,692,23.960594535519125,29.071,-1.267,79
694,693,23.995219672131146,23.421,-1.105,80
695,694,24.02984480874317,17.482,-1.47,76
696,695,24.064469945355192,14.282,-2.425,71
697,696,24.099095081967214,16.205,-1.721,74
698,697,24.133720218579235,20.953,-4.927,60
699,698,24.168345355191256,26.976,-1.556,67
700,699,24.202970491803278,28.651,-2.514,79
701,700,24.2375956284153,23.858,-0.944,73
702,701,24.272220765027324,18.965,-2.365,79
703,702,24.306845901639345,12.376,-3.84,66
704,703,24.341471038251367,16.68,-1.086,72
705,704,24.376096174863388,20.628,-2.359,67
706,705,24.41072131147541,28.571,-1.289,67
707,706,24.44534644808743,28.231,-1.03,73
708,707,24.479971584699452,24.145,0.604,70
709,708,24.514596721311477,18.15,-1.331,76
710,709,24.5492218579235,14.242,-1.299,71
711,710,24.58384699453552,15.606,-1.014,79
712,711,24.61847213114754,20.6,-2.237,75
713,712,24.653097267759563,27.63,0.073,78
714,713,24.687722404371584,29.045,-1.316,81
715,714,24.722347540983606,22.298,-2.144,69
716,715,24.756972677595627,17.336,-4.092,70
717,716,24.791597814207652,14.752,-1.505,77
718,717,24.826222950819673,15.574,-1.58,72
719,718,24.860848087431695,21.776,-4.064,66
720,719,24.895473224043716,24.978,-0.272,68
721,720,24.930098360655737,28.237,0.94,74
722,721,24.96472349726776,27.407,-2.644,78
723,722,24.99934863387978,18.484,-2.081,76
724,723,25.033973770491805,15.433,-2.317,76
725,724,25.068598907103826,15.709,-2.04,75
726,725,25.103224043715848,19.104,-3.763,72
727,726,25.13784918032787,26.691,0.124,66
728,727,25.17247431693989,27.031,-2.315,78
729,728,25.207099453551912,26.013,-1.411,69
730,729,25.241724590163933,19.274,-1.807,74
731,730,25.276349726775955,14.88,-3.885,71
732,731,25.31097486338798,15.206,-1.723,74
733,732,25.3456,20.778,-1.866,81
734,733,25.380225136612022,27.377,-0.387,74
735,734,25.414850273224044,29.002,-1.545,77
736,735,25.449475409836065,26.736,-0.575,74
737,736,25.484100546448087,18.273,-3.567,72
738,737,25.518725683060108,15.191,-3.726,73
739,738,25.553350819672133,14.756,-2.701,81
740,739,25.587975956284154,19.898,-3.33,73
741,740,25.622601092896176,25.016,-2.531,71
742,741,25.657226229508197,29.014,-0.551,88
743,742,25.69185136612022,27.106,0.134,76
744,743,25.72647650273224,20.728,-3.827,74
745,744,25.76110163934426,14.803,-0.725,72
746,745,25.795726775956286,15.488,-1.173,68
747,746,25.830351912568307,18.699,-2.127,76
748,747,25.86497704918033,26.711,-1.212,69
749,748,25.89960218579235,29.448,-2.389,74
750,749,25.93422732240437,27.014,-0.278,71
751,750,25.968852459016393,20.694,-0.829,58
752,751,26.003477595628414,15.741,-1.213,80
753,752,26.038102732240436,15.92,-2.359,68
754,753,26.07272786885246,19.925,-2.151,76
755,754,26.107353005464482,26.01,-1.111,58
756,755,26.141978142076503,26.187,-0.195,74
757,756,26.176603278688525,26.556,0.465,72
758,757,26.211228415300546,20.393,-3.624,66
759,758,26.245853551912568,15.079,-3.521,75
760,759,26.28047868852459,14.157,-2.566,75
761,760,26.315103825136614,18.045,-2.229,73
762,761,26.349728961748635,26.978,-3.214,74
763,762,26.384354098360657,28.555,-1.648,80
764,763,26.418979234972678,25.91,-0.634,69
765,764,26.4536043715847,22.354,-1.15,57
766,765,26.48822950819672,15.031,0.538,64
767,766,26.522854644808742,13.21,-1.278,80
768,767,26.557479781420763,17.821,-2.818,73
769,768,26.59210491803279,24.004,-1.939,78
770,769,26.62673005464481,27.984,-1.111,76
771,770,26.66135519125683,28.045,-0.426,76
772,771,26.695980327868853,22.476,-2.94,83
773,772,26.730605464480874,17.284,-1.73,76
774,773,26.765230601092895,14.687,-1.227,80
775,774,26.799855737704917,18.401,-0.146,73
776,775,26.83448087431694,24.556,-1.002,79
777,776,26.869106010928963,28.453,-1.932,79
778,777,26.903731147540984,28.012,-2.891,77
779,778,26.938356284153006,23.092,-1.222,79
780,779,26.972981420765027,16.301,-2.369,67
781,780,27.00760655737705,14.82,-1.339,78
782,781,27.04223169398907,18.221,-0.854,64
783,782,27.07685683060109,21.766,-1.364,71
784,783,27.111481967213116,28.47,-1.223,74
785,784,27.146107103825138,27.433,0.435,77
786,785,27.18073224043716,22.031,-1.949,76
787,786,27.21535737704918,17.566,-3.751,75
788,787,27.2499825136612,15.395,-1.19,72
789,788,27.284607650273223,15.709,-3.188,84
790,789,27.319232786885244,21.181,-0.745,75
791,790,27.35385792349727,26.524,0.198,75
792,791,27.38848306010929,27.639,-0.16,76
793,792,27.423108196721312,24.29,-2.417,84
794,793,27.457733333333334,15.405,-1.149,60
795,794,27.492358469945355,14.362,-2.855,77
796,795,27.526983606557376,17.354,-1.466,77
797,796,27.561608743169398,21.87,-0.692,70
798,797,27.596233879781423,27.253,0.264,77
799,798,27.630859016393444,28.091,-1.2,69
800,799,27.665484153005465,24.842,0.295,63
801,800,27.700109289617487,17.404,-2.276,72
802,801,27.734734426229508,15.604,-1.354,80
803,802,27.76935956284153,16.927,-0.615,73
804,803,27.80398469945355,23.228,-2.493,73
805,804,27.838609836065572,27.324,0.153,83
806,805,27.873234972677597,27.596,-3.602,68
807,806,27.90786010928962,23.62,-1.444,80
808,807,27.94248524590164,18.916,-0.953,75
809,808,27.97711038251366,15.068,-1.136,69
810,809,28.011735519125683,16.769,-1.256,68
811,810,28.046360655737704,21.599,-2.286,79
812,811,28.080985792349725,26.737,0.585,65
813,812,28.11561092896175,28.686,-1.768,78
814,813,28.150236065573772,23.702,-1.065,80
815,814,28.184861202185793,18.995,-0.973,73
816,815,28.219486338797815,14.19,-2.021,79
817,816,28.254111475409836,16.468,-0.79,81
818,817,28.288736612021857,22.063,-3.126,81
819,818,28.32336174863388,26.539,-0.181,75
820,819,28.3579868852459,28.145,-1.652,82
821,820,28.392612021857925,25.346,-0.511,76
822,821,28.427237158469946,19.74,-1.865,71
823,822,28.461862295081968,15.076,-0.671,68
824,823,28.49648743169399,16.134,-1.31,67
825,824,28.53111256830601,20.156,-2.384,70
826,825,28.565737704918032,27.236,-0.549,78
827,826,28.600362841530053,29.413,-1.265,79
828,827,28.634987978142078,25.891,-0.985,73
829,828,28.6696131147541,20.961,-3.387,74
830,829,28.70423825136612,15.268,-1.623,86
831,830,28.738863387978142,15.437,-1.9,80
832,831,28.773488524590164,18.87,-3.045,81
833,832,28.808113661202185,26.0,-2.601,79
834,833,28.842738797814206,28.074,-0.988,69
835,834,28.87736393442623,23.678,-2.837,78
836,835,28.911989071038253,18.495,-4.127,71
837,836,28.946614207650274,15.369,-1.274,75
838,837,28.981239344262296,16.552,-0.951,72
839,838,29.015864480874317,20.287,-1.111,82
840,839,29.05048961748634,24.942,-1.275,79
841,840,29.08511475409836,27.091,-2.094,71
842,841,29.11973989071038,24.224,-1.697,84
843,842,29.154365027322406,17.944,-2.688,75
844,843,29.188990163934427,15.508,-0.466,77
845,844,29.22361530054645,15.486,-1.206,80
846,845,29.25824043715847,17.99,-2.963,80
847,846,29.29286557377049,24.702,-1.913,71
848,847,29.327490710382513,28.02,-0.23,68
849,848,29.362115846994534,25.226,-1.292,75
850,849,29.39674098360656,20.728,-2.427,63
851,850,29.43136612021858,16.419,-2.798,79
852,851,29.465991256830602,15.945,-1.984,76
853,852,29.500616393442623,19.223,-2.589,78
854,853,29.535241530054645,25.118,-1.364,68
855,854,29.569866666666666,26.939,-2.411,76
856,855,29.604491803278687,26.278,0.156,72
857,856,29.63911693989071,20.237,-4.76,76
858,857,29.673742076502734,16.423,-2.064,85
859,858,29.708367213114755,15.972,-1.837,70
860,859,29.742992349726777,19.479,-1.116,73
861,860,29.777617486338798,22.788,-1.966,67
862,861,29.81224262295082,27.791,-1.287,73
863,862,29.84686775956284,24.814,0.166,71
864,863,29.881492896174862,21.932,-2.082,83
865,864,29.916118032786887,17.39,-1.141,82
866,865,29.95074316939891,15.39,-1.712,75
867,866,29.98536830601093,19.556,-1.475,79
868,867,30.01999344262295,25.368,-0.33,68
869,868,30.054618579234972,28.102,-2.971,69
870,869,30.089243715846994,26.984,-0.314,78
871,870,30.123868852459015,20.805,-0.677,76
872,871,30.15849398907104,16.841,-0.952,69
873,872,30.19311912568306,14.272,-0.474,80
874,873,30.227744262295083,17.718,-2.903,72
875,874,30.262369398907104,24.323,-1.43,79
876,875,30.296994535519126,28.824,-0.703,77
877,876,30.331619672131147,24.933,-1.727,71
878,877,30.36624480874317,23.666,-1.892,73
879,878,30.40086994535519,17.204,-2.401,78
880,879,30.435495081967215,14.423,-2.47,72
881,880,30.470120218579236,18.182,-0.995,71
882,881,30.504745355191258,22.805,-3.452,74
883,882,30.53937049180328,27.725,-1.897,78
884,883,30.5739956284153,25.573,-1.933,82
885,884,30.60862076502732,23.497,-3.275,80
886,885,30.643245901639343,17.619,-4.799,82
887,886,30.677871038251368,15.021,-0.945,79
888,887,30.71249617486339,17.81,-1.163,70
889,888,30.74712131147541,23.645,-1.305,75
890,889,30.781746448087432,27.511,-1.294,81
891,890,30.816371584699453,27.407,0.129,84
892,891,30.850996721311475,23.258,-1.544,77
893,892,30.885621857923496,18.067,-1.613,60
894,893,30.920246994535518,15.284,-0.7,77
895,894,30.954872131147543,17.633,-0.837,79
896,895,30.989497267759564,21.627,-2.466,79
897,896,31.024122404371585,26.081,-1.182,83
898,897,31.058747540983607,27.763,0.876,70
899,898,31.093372677595628,22.035,-3.317,71
900,899,31.12799781420765,16.881,-0.16,71
901,900,31.16262295081967,17.682,-3.447,69
902,901,31.197248087431696,18.194,-3.314,69
903,902,31.231873224043717,21.244,-1.538,73
904,903,31.26649836065574,25.899,-0.662,77
905,904,31.30112349726776,27.18,-2.541,64
906,905,31.33574863387978,23.907,-1.919,65
907,906,31.370373770491803,17.772,-3.374,76
908,907,31.404998907103824,13.97,-1.765,75
909,908,31.439624043715845,16.69,-2.418,83
910,909,31.47424918032787,21.061,-2.489,77
911,910,31.50887431693989,26.884,1.594,75
912,911,31.543499453551913,27.267,-1.853,85
913,912,31.578124590163934,25.149,-1.74,74
914,913,31.612749726775956,19.001,-2.373,76
915,914,31.647374863387977,16.515,-2.193,72
916,915,31.682,16.882,-2.521,68
917,916,31.716625136612024,22.422,-3.401,75
918,917,31.751250273224045,24.685,-1.271,84
919,918,31.785875409836066,27.508,-1.184,79
920,919,31.820500546448088,23.505,-2.266,78
921,920,31.85512568306011,19.312,-1.644,70
922,921,31.88975081967213,15.777,-1.203,78
923,922,31.924375956284152,16.732,-1.499,65
924,923,31.959001092896177,19.965,-2.122,76
925,924,31.993626229508198,25.225,1.126,82
926,925,32.028251366120216,28.361,0.381,75
927,926,32.06287650273224,24.362,0.49,70
928,927,32.097501639344266,20.153,-2.257,80
929,928,32.13212677595629,15.647,-3.081,78
930,929,32.16675191256831,15.16,-1.928,76
931,930,32.20137704918033,20.827,-4.483,62
932,931,32.23600218579235,24.626,-3.041,65
933,932,32.27062732240437,27.634,0.549,82
934,933,32.305252459016394,24.633,0.431,81
935,934,32.339877595628415,20.807,-1.144,77
936,935,32.37450273224044,15.262,-1.896,83
937,936,32.40912786885246,16.207,-1.315,71
938,937,32.44375300546448,19.346,-1.862,74
939,938,32.4783781420765,26.244,-1.886,70
940,939,32.51300327868852,28.268,0.579,76
941,940,32.547628415300544,25.25,-1.61,79
942,941,32.582253551912565,21.124,-1.203,78
943,942,32.616878688524594,15.877,-1.832,72
944,943,32.651503825136615,16.326,-1.205,74
945,944,32.686128961748636,19.286,-0.196,87
946,945,32.72075409836066,24.239,-2.117,73
947,946,32.75537923497268,27.779,-0.439,79
948,947,32.7900043715847,25.931,-1.642,72
949,948,32.82462950819672,21.233,-1.22,77
950,949,32.85925464480874,16.448,-2.157,76
951,950,32.893879781420765,15.337,-1.993,81
952,951,32.928504918032786,20.933,-2.08,70
953,952,32.96313005464481,24.884,-0.062,77
954,953,32.99775519125683,27.179,-1.322,78
955,954,33.03238032786885,25.848,-2.346,75
956,955,33.06700546448087,20.256,-2.144,75
957,956,33.10163060109289,18.134,-2.146,69
958,957,33.13625573770492,16.126,-1.241,76
959,958,33.17088087431694,19.139,-3.01,79
960,959,33.205506010928964,23.555,-0.53,86
961,960,33.240131147540986,27.606,-0.243,80
962,961,33.27475628415301,24.502,-2.904,75
963,962,33.30938142076503,20.875,-2.482,87
964,963,33.34400655737705,17.277,-1.093,77
965,964,33.37863169398907,13.782,-1.167,68
966,965,33.41325683060109,19.049,-1.013,69
967,966,33.447881967213114,24.309,-0.642,63
968,967,33.482507103825135,27.373,-3.102,77
969,968,33.51713224043716,25.559,-1.465,73
970,969,33.55175737704918,20.035,-1.647,78
971,970,33.5863825136612,16.408,-1.976,73
972,971,33.62100765027322,15.903,-2.913,85
973,972,33.65563278688525,18.748,-1.109,85
974,973,33.69025792349727,24.301,-0.712,72
975,974,33.72488306010929,28.873,2.165,79
976,975,33.75950819672131,25.789,-1.123,81
977,976,33.794133333333335,22.306,-0.911,70
978,977,33.828758469945356,16.258,-2.32,78
979,978,33.86338360655738,17.589,-3.004,73
980,979,33.8980087431694,17.659,-2.528,69
981,980,33.93263387978142,21.511,-3.038,78
982,981,33.96725901639344,26.918,-0.099,71
983,982,34.00188415300546,26.488,-1.103,77
984,983,34.036509289617484,20.786,-2.36,82
985,984,34.071134426229506,17.442,-3.159,71
986,985,34.10575956284153,15.968,-1.055,77
987,986,34.140384699453556,17.432,-2.252,73
988,987,34.17500983606558,22.865,-0.5,86
989,988,34.2096349726776,26.551,-0.656,69
990,989,34.24426010928962,26.666,0.156,81
991,990,34.27888524590164,22.756,-0.802,71
992,991,34.31351038251366,18.569,-1.685,78
993,992,34.348135519125684,15.357,-2.766,72
994,993,34.382760655737705,17.913,-2.067,79
995,994,34.41738579234973,22.111,-2.799,87
996,995,34.45201092896175,26.702,0.436,75
997,996,34.48663606557377,27.596,-0.323,77
998,997,34.52126120218579,22.436,-1.18,78
999,998,34.55588633879781,18.98,-3.528,80
1000,999,34.59051147540983,16.104,-1.067,75
1001,1000,34.625136612021855,17.693,-0.836,73
1002,1001,34.65976174863388,20.868,-0.286,80
1003,1002,34.694386885245905,25.393,-0.408,74
1004,1003,34.729012021857926,26.796,0.528,77
1005,1004,34.76363715846995,23.727,0.43,75
1006,1005,34.79826229508197,18.969,-0.83,74
1007,1006,34.83288743169399,16.257,-1.431,74
1008,1007,34.86751256830601,17.33,-1.69,81
1009,1008,34.90213770491803,21.717,-2.236,76
1010,1009,34.936762841530054,26.077,-0.944,79
1011,1010,34.971387978142076,26.355,0.722,72
1012,1011,35.0060131147541,23.939,0.248,73
1013,1012,35.04063825136612,19.122,-2.062,82
1014,1013,35.07526338797814,15.228,-2.371,81
1015,1014,35.10988852459016,16.641,-2.614,74
1016,1015,35.14451366120218,22.728,-1.553,79
1017,1016,35.17913879781421,25.088,-2.096,73
1018,1017,35.21376393442623,26.826,0.182,69
1019,1018,35.248389071038254,22.312,-1.15,83
1020,1019,35.283014207650275,19.797,-1.607,72
1021,1020,35.3176393442623,15.298,-0.26,81
1022,1021,35.35226448087432,16.528,-2.065,81
1023,1022,35.38688961748634,22.22,-1.224,70
1024,1023,35.42151475409836,25.003,-4.22,72
1025,1024,35.45613989071038,27.605,0.124,81
1026,1025,35.490765027322404,22.968,-3.539,80
1027,1026,35.525390163934425,20.093,-3.865,73
1028,1027,35.560015300546446,16.217,-0.968,69
1029,1028,35.59464043715847,17.102,-1.25,77
1030,1029,35.62926557377049,19.508,-3.127,77
1031,1030,35.66389071038251,25.878,-2.066,73
1032,1031,35.69851584699454,27.063,0.339,79
1033,1032,35.73314098360656,23.65,-2.683,78
1034,1033,35.76776612021858,19.55,-2.635,78
1035,1034,35.8023912568306,16.518,-2.159,67
1036,1035,35.837016393442624,19.873,-2.443,70
1037,1036,35.871641530054646,19.04,-2.459,71
1038,1037,35.90626666666667,25.498,-1.683,77
1039,1038,35.94089180327869,27.258,0.483,70
1040,1039,35.97551693989071,24.87,-1.458,85
1041,1040,36.01014207650273,20.651,-1.825,78
1042,1041,36.04476721311475,16.197,-2.109,73
1043,1042,36.079392349726774,17.106,-1.142,73
1044,1043,36.114017486338795,20.896,-1.008,82
1045,1044,36.14864262295082,23.954,-0.601,66
1046,1045,36.18326775956284,26.18,-1.948,75
1047,1046,36.21789289617487,23.84,0.13,64
1048,1047,36.25251803278689,21.386,-1.241,68
1049,1048,36.28714316939891,16.539,-0.824,78
1050,1049,36.32176830601093,16.927,0.055,67
1051,1050,36.35639344262295,19.13,-2.257,71
1052,1051,36.391018579234974,23.264,-4.663,69
1053,1052,36.425643715846995,26.945,0.354,68
1054,1053,36.460268852459016,25.093,-0.97,72
1055,1054,36.49489398907104,20.144,-2.196,66
1056,1055,36.52951912568306,17.123,-1.095,79
1057,1056,36.56414426229508,16.748,-2.772,75
1058,1057,36.5987693989071,21.618,-2.739,67
1059,1058,36.63339453551912,24.297,-2.967,76
1060,1059,36.668019672131145,27.117,-1.408,77
1061,1060,36.70264480874317,26.15,-1.759,73
1062,1061,36.737269945355195,23.052,-0.217,73
1063,1062,36.771895081967216,16.399,-3.828,80
1064,1063,36.80652021857924,17.72,-1.101,69
1065,1064,36.84114535519126,21.404,0.429,73
1066,1065,36.87577049180328,23.855,-1.12,70
1067,1066,36.9103956284153,26.774,-0.229,78
1068,1067,36.94502076502732,25.205,-1.899,82
1069,1068,36.979645901639344,21.596,-1.764,74
1070,1069,37.014271038251366,16.849,-2.075,78
1071,1070,37.04889617486339,16.869,-0.88,67
1072,1071,37.08352131147541,17.79,-1.824,77
1073,1072,37.11814644808743,23.472,0.256,79
1074,1073,37.15277158469945,27.117,-0.924,82
1075,1074,37.18739672131147,28.895,-4.368,70
1076,1075,37.2220218579235,22.207,0.544,73
1077,1076,37.25664699453552,18.316,-0.633,66
1078,1077,37.291272131147544,16.976,-2.281,70
1079,1078,37.325897267759565,18.444,-2.697,82
1080,1079,37.360522404371586,23.369,-1.454,78
1081,1080,37.39514754098361,26.096,0.003,72
1082,1081,37.42977267759563,26.278,-0.309,84
1083,1082,37.46439781420765,19.981,-2.906,75
1084,1083,37.49902295081967,18.915,-4.277,76
1085,1084,37.53364808743169,15.716,-2.725,65
1086,1085,37.568273224043715,19.878,-1.588,77
1087,1086,37.602898360655736,23.135,-2.009,77
1088,1087,37.63752349726776,26.23,-0.947,66
1089,1088,37.67214863387978,26.175,0.423,72
1090,1089,37.7067737704918,22.285,-2.593,76
1091,1090,37.74139890710383,17.647,-1.814,72
1092,1091,37.77602404371585,18.004,-1.196,72
1093,1092,37.81064918032787,19.133,-2.44,76
1094,1093,37.84527431693989,22.783,-1.962,82
1095,1094,37.879899453551914,28.989,-2.052,73
1096,1095,37.914524590163936,28.007,-0.995,75
1097,1096,37.94914972677596,22.138,-1.824,74
1098,1097,37.98377486338798,19.093,-1.501,79
1099,1098,38.0184,16.584,-0.998,68
1100,1099,38.05302513661202,18.527,-1.664,72
1101,1100,38.08765027322404,20.197,-2.922,81
1102,1101,38.122275409836064,25.78,-2.294,71
1103,1102,38.156900546448085,26.251,0.491,72
1104,1103,38.19152568306011,22.7,-2.697,69
1105,1104,38.22615081967213,18.902,-1.213,79
1106,1105,38.26077595628416,15.912,-1.074,71
1107,1106,38.29540109289618,18.042,-2.034,71
1108,1107,38.3300262295082,21.285,-4.183,76
1109,1108,38.36465136612022,25.883,-1.823,69
1110,1109,38.39927650273224,26.242,-1.03,73
1111,1110,38.43390163934426,23.99,-1.006,69
1112,1111,38.468526775956285,18.724,-2.272,78
1113,1112,38.503151912568306,16.763,-1.093,72
1114,1113,38.53777704918033,17.54,-2.41,70
1115,1114,38.57240218579235,22.489,-1.204,68
1116,1115,38.60702732240437,25.325,-2.232,69
1117,1116,38.64165245901639,27.913,-0.945,83
1118,1117,38.67627759562841,24.773,-3.691,74
1119,1118,38.710902732240434,20.021,-0.711,69
1120,1119,38.745527868852456,16.822,-1.418,79
1121,1120,38.780153005464484,17.133,-1.041,84
1122,1121,38.814778142076506,21.564,-0.789,68
1123,1122,38.84940327868853,24.83,0.115,74
1124,1123,38.88402841530055,26.717,-0.298,72
1125,1124,38.91865355191257,24.272,-4.599,75
1126,1125,38.95327868852459,21.495,-2.997,73
1127,1126,38.98790382513661,17.05,-1.054,77
1128,1127,39.022528961748634,17.966,-1.094,73
1129,1128,39.057154098360655,20.324,-2.334,60
1130,1129,39.09177923497268,23.791,-1.726,67
1131,1130,39.1264043715847,27.109,1.386,79
1132,1131,39.16102950819672,24.426,-1.104,68
1133,1132,39.19565464480874,20.924,-1.047,73
1134,1133,39.23027978142076,17.373,-0.928,69
1135,1134,39.264904918032784,17.759,-1.5,71
1136,1135,39.29953005464481,20.486,-0.634,71
1137,1136,39.33415519125683,23.117,-2.018,66
1138,1137,39.368780327868855,25.902,1.199,71
1139,1138,39.403405464480876,22.685,-3.288,69
1140,1139,39.4380306010929,19.909,-2.703,75
1141,1140,39.47265573770492,16.951,-3.325,75
1142,1141,39.50728087431694,18.87,-3.248,73
1143,1142,39.54190601092896,19.635,-1.497,68
1144,1143,39.57653114754098,24.423,-1.966,84
1145,1144,39.611156284153004,26.749,0.606,77
1146,1145,39.645781420765026,23.005,-1.245,77
1147,1146,39.68040655737705,22.116,-2.286,72
1148,1147,39.71503169398907,17.008,-2.667,67
1149,1148,39.74965683060109,17.803,-3.966,65
1150,1149,39.78428196721312,20.267,-2.588,81
1151,1150,39.81890710382514,24.426,-3.029,69
1152,1151,39.85353224043716,26.73,-1.418,71
1153,1152,39.88815737704918,26.716,-1.881,69
1154,1153,39.922782513661204,21.511,-4.009,67
1155,1154,39.957407650273225,15.866,-2.908,76
1156,1155,39.99203278688525,17.368,-1.034,64
1157,1156,40.02665792349727,19.561,-1.738,77
1158,1157,40.06128306010929,23.263,-1.095,78
1159,1158,40.09590819672131,26.766,0.069,72
1160,1159,40.13053333333333,23.369,-3.045,65
1161,1160,40.165158469945354,22.843,-2.048,71
1162,1161,40.199783606557375,17.739,-2.284,68
1163,1162,40.234408743169396,16.395,-1.937,77
1164,1163,40.26903387978142,19.068,-3.1,70
1165,1164,40.303659016393446,24.955,-1.866,68
1166,1165,40.33828415300547,27.405,-1.093,77
1167,1166,40.37290928961749,27.769,-4.461,71
1168,1167,40.40753442622951,21.364,-0.696,69
1169,1168,40.44215956284153,15.953,-2.58,79
1170,1169,40.47678469945355,16.407,0.161,68
1171,1170,40.511409836065575,19.977,-2.835,69
1172,1171,40.546034972677596,22.323,-0.82,67
1173,1172,40.58066010928962,25.121,-1.574,83
1174,1173,40.61528524590164,25.703,-0.746,74
1175,1174,40.64991038251366,22.219,-0.831,78
1176,1175,40.68453551912568,18.486,-2.338,75
1177,1176,40.7191606557377,15.556,-1.055,78
1178,1177,40.753785792349724,18.813,-0.456,76
1179,1178,40.788410928961746,21.602,-2.69,83
1180,1179,40.823036065573774,26.066,-2.278,72
1181,1180,40.857661202185795,26.519,-0.694,74
1182,1181,40.89228633879782,24.571,-2.019,81
1183,1182,40.92691147540984,17.773,-2.123,58
1184,1183,40.96153661202186,17.954,-1.475,73
1185,1184,40.99616174863388,18.967,-0.73,73
1186,1185,41.0307868852459,21.256,0.301,69
1187,1186,41.065412021857924,26.984,-1.963,71
1188,1187,41.100037158469945,23.887,-0.039,68
1189,1188,41.13466229508197,20.918,-1.91,70
1190,1189,41.16928743169399,18.805,-2.902,68
1191,1190,41.20391256830601,18.192,-2.642,74
1192,1191,41.23853770491803,17.655,-1.552,81
1193,1192,41.27316284153005,22.049,-2.941,78
1194,1193,41.30778797814207,25.847,-1.009,65
1195,1194,41.3424131147541,25.441,-0.935,68
1196,1195,41.37703825136612,22.316,-2.113,79
1197,1196,41.411663387978145,18.709,-1.943,82
1198,1197,41.446288524590166,17.02,-0.932,72
1199,1198,41.48091366120219,17.93,-2.03,71
1200,1199,41.51553879781421,22.73,-2.525,76
1201,1200,41.55016393442623,25.923,-3.978,71
1202,1201,41.58478907103825,26.855,-2.001,74
1203,1202,41.61941420765027,23.052,-0.905,84
1204,1203,41.654039344262294,19.883,-1.18,79
1205,1204,41.688664480874316,16.636,-0.074,81
1206,1205,41.72328961748634,17.859,-0.168,78
1207,1206,41.75791475409836,21.26,-1.139,68
1208,1207,41.79253989071038,24.105,-3.614,75
1209,1208,41.8271650273224,25.928,-2.061,76
1210,1209,41.86179016393443,23.08,0.682,82
1211,1210,41.89641530054645,18.944,-2.339,76
1212,1211,41.93104043715847,18.225,-1.734,84
1213,1212,41.965665573770494,20.642,0.183,70
1214,1213,42.000290710382515,21.757,-0.599,74
1215,1214,42.03491584699454,25.641,-1.342,65
1216,1215,42.06954098360656,26.297,-0.553,73
1217,1216,42.10416612021858,23.69,-1.0,74
1218,1217,42.1387912568306,21.716,-1.69,78
1219,1218,42.17341639344262,17.751,-1.321,73
1220,1219,42.20804153005464,17.076,-1.712,73
1221,1220,42.242666666666665,22.541,-0.696,83
1222,1221,42.277291803278686,25.532,-0.989,79
1223,1222,42.31191693989071,25.164,-1.924,73
1224,1223,42.34654207650273,23.775,-0.862,73
1225,1224,42.38116721311476,19.546,-4.445,67
1226,1225,42.41579234972678,16.388,-1.654,73
1227,1226,42.4504174863388,19.005,-1.294,73
1228,1227,42.48504262295082,21.56,-1.682,64
1229,1228,42.51966775956284,25.133,-1.269,78
1230,1229,42.554292896174864,24.695,-1.56,71
1231,1230,42.588918032786886,23.346,-2.042,70
1232,1231,42.62354316939891,20.275,-0.437,73
1233,1232,42.65816830601093,18.018,-0.833,80
1234,1233,42.69279344262295,17.421,-0.467,71
1235,1234,42.72741857923497,19.954,-1.886,83
1236,1235,42.76204371584699,24.731,-1.476,82
1237,1236,42.796668852459014,26.105,-1.497,82
1238,1237,42.831293989071035,24.172,-2.301,67
1239,1238,42.865919125683064,20.682,-0.397,79
1240,1239,42.900544262295085,16.928,-2.013,70
1241,1240,42.93516939890711,15.949,-1.207,73
1242,1241,42.96979453551913,21.209,-2.184,79
1243,1242,43.00441967213115,24.659,-3.255,79
1244,1243,43.03904480874317,25.84,-1.844,75
1245,1244,43.07366994535519,24.167,1.423,68
1246,1245,43.10829508196721,20.524,-2.295,77
1247,1246,43.142920218579235,17.107,-1.672,73
1248,1247,43.177545355191256,17.634,-2.099,69
1249,1248,43.21217049180328,20.505,-2.383,79
1250,1249,43.2467956284153,23.163,0.746,68
1251,1250,43.28142076502732,26.671,-2.784,76
1252,1251,43.31604590163934,23.812,-1.669,78
1253,1252,43.35067103825136,22.304,-4.093,75
1254,1253,43.38529617486339,16.972,-3.104,75
1255,1254,43.41992131147541,18.495,-2.909,74
1256,1255,43.454546448087434,20.096,-2.654,78
1257,1256,43.489171584699456,24.082,-2.351,74
1258,1257,43.52379672131148,25.592,-2.129,80
1259,1258,43.5584218579235,23.638,-1.63,73
1260,1259,43.59304699453552,22.25,-1.001,69
1261,1260,43.62767213114754,17.806,-2.547,74
1262,1261,43.66229726775956,18.025,-1.293,72
1263,1262,43.696922404371584,18.748,-2.012,80
1264,1263,43.731547540983605,22.516,1.227,71
1265,1264,43.76617267759563,25.205,-2.514,73
1266,1265,43.80079781420765,25.058,-0.593,61
1267,1266,43.83542295081967,21.889,-0.707,70
1268,1267,43.87004808743169,17.704,-0.145,75
1269,1268,43.90467322404372,16.622,-0.955,73
1270,1269,43.93929836065574,18.814,-2.394,76
1271,1270,43.97392349726776,24.686,-1.626,87
1272,1271,44.00854863387978,26.122,-1.226,72
1273,1272,44.043173770491805,25.204,-2.753,83
1274,1273,44.077798907103826,21.974,0.102,71
1275,1274,44.11242404371585,18.593,-0.582,88
1276,1275,44.14704918032787,16.861,-2.403,78
1277,1276,44.18167431693989,19.45,-0.732,76
1278,1277,44.21629945355191,22.178,-2.007,72
1279,1278,44.25092459016393,26.804,-2.081,70
1280,1279,44.285549726775955,27.16,-0.089,69
1281,1280,44.320174863387976,21.715,-2.431,74
1282,1281,44.3548,18.353,-1.103,71
1283,1282,44.38942513661202,15.369,-2.832,84
1284,1283,44.42405027322405,18.909,-1.847,72
1285,1284,44.45867540983607,21.629,-1.142,77
1286,1285,44.49330054644809,24.778,-2.721,72
1287,1286,44.52792568306011,24.799,-2.26,79
1288,1287,44.56255081967213,22.452,-2.143,69
1289,1288,44.597175956284154,19.5,-0.59,62
1290,1289,44.631801092896175,16.398,-1.787,70
1291,1290,44.6664262295082,18.182,-4.127,72
1292,1291,44.70105136612022,22.004,-0.421,71
1293,1292,44.73567650273224,24.591,-2.556,68
1294,1293,44.77030163934426,24.814,-2.378,74
1295,1294,44.80492677595628,22.597,-1.394,76
1296,1295,44.839551912568304,17.033,-2.479,76
1297,1296,44.874177049180325,17.322,-1.042,77
1298,1297,44.90880218579235,19.064,-0.43,82
1299,1298,44.943427322404375,22.095,-1.038,73
1300,1299,44.978052459016396,23.201,-2.843,70
1301,1300,45.01267759562842,25.334,-3.781,69
1302,1301,45.04730273224044,22.103,-1.685,73
1303,1302,45.08192786885246,20.64,-2.374,76
1304,1303,45.11655300546448,17.201,-0.926,82
1305,1304,45.1511781420765,18.852,-1.981,69
1306,1305,45.185803278688525,22.401,-1.614,75
1307,1306,45.220428415300546,25.937,-1.953,69
1308,1307,45.25505355191257,24.56,-2.185,73
1309,1308,45.28967868852459,23.424,-1.468,70
1310,1309,45.32430382513661,19.722,-2.441,77
1311,1310,45.35892896174863,17.238,-1.164,75
1312,1311,45.39355409836065,16.944,-1.47,70
1313,1312,45.42817923497268,22.363,-0.884,73
1314,1313,45.4628043715847,24.44,-0.842,69
1315,1314,45.497429508196724,25.05,-0.456,60
1316,1315,45.532054644808746,23.462,-0.565,71
1317,1316,45.56667978142077,19.935,-0.806,62
1318,1317,45.60130491803279,17.538,-0.765,64
1319,1318,45.63593005464481,17.239,-1.85,66
1320,1319,45.67055519125683,21.088,-0.609,68
1321,1320,45.70518032786885,24.393,-1.577,84
1322,1321,45.739805464480874,26.157,-2.171,69
1323,1322,45.774430601092895,23.247,-2.177,81
1324,1323,45.80905573770492,20.21,-3.077,74
1325,1324,45.84368087431694,16.15,-2.552,76
1326,1325,45.87830601092896,17.401,-1.695,76
1327,1326,45.91293114754098,22.15,-2.569,78
1328,1327,45.94755628415301,23.789,-2.272,76
1329,1328,45.98218142076503,26.344,-0.796,77
1330,1329,46.01680655737705,23.148,1.203,65
1331,1330,46.05143169398907,20.59,-0.47,80
1332,1331,46.086056830601095,17.114,-1.459,79
1333,1332,46.120681967213116,16.741,-1.508,67
1334,1333,46.15530710382514,19.69,-1.201,74
1335,1334,46.18993224043716,25.066,-0.467,76
1336,1335,46.22455737704918,25.939,-1.857,78
1337,1336,46.2591825136612,23.255,-1.688,74
1338,1337,46.29380765027322,19.25,-1.258,74
1339,1338,46.328432786885244,16.169,-2.854,76
1340,1339,46.363057923497266,16.818,-3.037,80
1341,1340,46.39768306010929,19.108,-1.087,73
1342,1341,46.43230819672131,23.725,-2.468,65
1343,1342,46.46693333333334,25.583,-0.685,61
1344,1343,46.50155846994536,24.254,-0.363,69
1345,1344,46.53618360655738,20.965,-1.776,62
1346,1345,46.5708087431694,17.761,-2.507,63
1347,1346,46.60543387978142,16.746,-1.461,69
1348,1347,46.640059016393444,20.588,-0.73,83
1349,1348,46.674684153005465,21.789,-0.954,74
1350,1349,46.70930928961749,25.88,-1.316,74
1351,1350,46.74393442622951,23.784,-0.177,68
1352,1351,46.77855956284153,20.672,-2.125,79
1353,1352,46.81318469945355,20.326,-1.32,73
1354,1353,46.84780983606557,18.397,0.053,70
1355,1354,46.88243497267759,19.796,-2.534,69
1356,1355,46.917060109289615,24.134,-0.661,76
1357,1356,46.951685245901636,25.459,-0.588,76
1358,1357,46.986310382513665,24.881,-1.247,73
1359,1358,47.020935519125686,21.833,-2.792,76
1360,1359,47.05556065573771,19.294,-0.843,69
1361,1360,47.09018579234973,17.035,-1.886,62
1362,1361,47.12481092896175,19.293,-1.622,69
1363,1362,47.15943606557377,23.303,-0.394,71
1364,1363,47.19406120218579,24.954,-1.378,76
1365,1364,47.228686338797814,23.854,0.368,73
1366,1365,47.263311475409836,20.83,-1.556,67
1367,1366,47.29793661202186,19.515,-0.548,79
1368,1367,47.33256174863388,16.248,-2.663,76
1369,1368,47.3671868852459,20.205,-2.01,82
1370,1369,47.40181202185792,22.569,-0.819,74
1371,1370,47.43643715846994,26.646,-1.151,67
1372,1371,47.471062295081964,24.981,-1.616,76
1373,1372,47.50568743169399,21.247,-0.107,69
1374,1373,47.540312568306014,18.076,-1.535,72
1375,1374,47.574937704918035,17.301,-0.18,74
1376,1375,47.60956284153006,19.293,-2.557,70
1377,1376,47.64418797814208,22.665,0.537,63
1378,1377,47.6788131147541,23.116,2.205,69
1379,1378,47.71343825136612,24.793,-1.384,73
1380,1379,47.74806338797814,22.157,-0.676,72
1381,1380,47.782688524590164,19.146,-0.97,66
1382,1381,47.817313661202185,18.181,-1.377,73
1383,1382,47.851938797814206,17.66,-2.387,78
1384,1383,47.88656393442623,23.364,-1.088,80
1385,1384,47.92118907103825,24.804,-0.448,84
1386,1385,47.95581420765027,25.734,-1.335,81
1387,1386,47.99043934426229,21.901,-1.96,81
1388,1387,48.02506448087432,18.472,-2.828,81
1389,1388,48.05968961748634,17.978,-1.096,72
1390,1389,48.09431475409836,18.189,0.645,65
1391,1390,48.128939890710384,21.3,-1.651,75
1392,1391,48.163565027322406,24.048,-1.352,80
1393,1392,48.19819016393443,23.759,-1.278,80
1394,1393,48.23281530054645,21.872,-1.582,75
1395,1394,48.26744043715847,18.585,-1.486,74
1396,1395,48.30206557377049,18.598,-0.473,83
1397,1396,48.33669071038251,20.102,-3.091,75
1398,1397,48.371315846994534,22.095,0.031,76
1399,1398,48.405940983606556,25.638,-0.688,63
1400,1399,48.44056612021858,25.437,0.575,71
1401,1400,48.4751912568306,22.841,-0.726,71
1402,1401,48.50981639344263,18.895,-1.549,74
1403,1402,48.54444153005465,16.746,-2.5,81
1404,1403,48.57906666666667,18.616,1.242,81
1405,1404,48.61369180327869,21.622,-0.928,77
1406,1405,48.64831693989071,25.382,-1.687,84
1407,1406,48.682942076502734,24.071,-1.503,72
1408,1407,48.717567213114755,21.366,-0.629,79
1409,1408,48.752192349726776,20.214,-0.479,69
1410,1409,48.7868174863388,16.949,-1.573,68
1411,1410,48.82144262295082,19.417,-0.702,71
1412,1411,48.85606775956284,22.389,-1.564,79
1413,1412,48.89069289617486,23.659,-0.408,81
1414,1413,48.92531803278688,24.188,-1.6,81
1415,1414,48.959943169398905,22.433,-3.766,72
1416,1415,48.994568306010926,20.131,-1.553,87
1417,1416,49.029193442622955,14.939,-1.601,73
1418,1417,49.063818579234976,17.531,-1.416,76
1419,1418,49.098443715847,19.73,-1.663,76
1420,1419,49.13306885245902,24.265,-0.537,73
1421,1420,49.16769398907104,26.109,-3.827,72
1422,1421,49.20231912568306,23.724,-0.668,72
1423,1422,49.23694426229508,20.932,0.145,80
1424,1423,49.271569398907104,19.314,0.977,73
1425,1424,49.306194535519126,18.004,-1.953,84
1426,1425,49.34081967213115,22.095,-1.19,72
1427,1426,49.37544480874317,22.802,0.158,58
1428,1427,49.41006994535519,24.116,-1.7,64
1429,1428,49.44469508196721,24.285,-1.875,74
1430,1429,49.47932021857923,17.479,-0.358,69
1431,1430,49.513945355191254,14.819,-0.505,73
1432,1431,49.54857049180328,17.455,-0.293,78
1433,1432,49.583195628415304,20.099,-2.097,75
1434,1433,49.617820765027325,24.515,-1.691,65
1435,1434,49.65244590163935,24.255,0.984,71
1436,1435,49.68707103825137,24.621,-1.282,62
1437,1436,49.72169617486339,20.052,-1.447,76
1438,1437,49.75632131147541,18.935,-3.435,77
1439,1438,49.79094644808743,18.169,-2.635,75
1440,1439,49.82557158469945,19.669,-1.411,70
1441,1440,49.860196721311475,23.624,-2.375,79
1442,1441,49.894821857923496,24.693,-1.19,77
1443,1442,49.92944699453552,23.537,-2.225,72
1444,1443,49.96407213114754,21.86,-0.373,70
1445,1444,49.99869726775956,18.849,-1.095,79
1446,1445,50.03332240437158,17.642,-1.247,68
1447,1446,50.06794754098361,19.859,-1.86,85
1448,1447,50.10257267759563,24.207,-1.73,83
1449,1448,50.13719781420765,25.249,-1.193,78
1450,1449,50.171822950819674,23.458,-1.61,71
1451,1450,50.206448087431696,21.831,-0.75,70
1452,1451,50.24107322404372,18.201,0.047,80
1453,1452,50.27569836065574,17.347,-1.72,75
1454,1453,50.31032349726776,20.232,-3.482,75
1455,1454,50.34494863387978,24.446,-1.299,76
1456,1455,50.3795737704918,26.667,-2.406,79
1457,1456,50.414198907103824,23.365,-1.698,68
1458,1457,50.448824043715845,20.748,-1.477,76
1459,1458,50.48344918032787,18.853,-0.306,76
1460,1459,50.51807431693989,17.264,-1.944,70
1461,1460,50.55269945355191,20.22,-3.885,79
1462,1461,50.58732459016394,23.123,-2.778,75
1463,1462,50.62194972677596,24.951,0.128,74
