frequency,amplitude
0.0,0.0
0.01181192972995336,0.11681938668201068
0.02362385945990672,0.03692603767347031
0.03543578918986008,0.03480799993875989
0.04724771891981344,0.028480347842426004
0.0590596486497668,0.026757467018542883
0.07087157837972016,0.020092583833742267
0.08268350810967352,0.005075756084650999
0.09449543783962688,0.006457818335999343
0.10630736756958024,0.00778561518889317
0.1181192972995336,0.006264900833727855
0.12993122702948698,0.008492059963560138
0.14174315675944033,0.009903570095305523
0.1535550864893937,0.008330913820300956
0.16536701621934705,0.007234406893453209
0.17717894594930042,0.005188668390895474
0.18899087567925377,0.004603216254027502
0.20080280540920714,0.004310809421828985
0.2126147351391605,0.004981097608806737
0.22442666486911386,0.005193111021150755
0.2362385945990672,0.0039572318092476804
0.24805052432902058,0.003323271977288475
0.25986245405897396,0.003705243076143805
0.2716743837889273,0.0036750590539447237
0.28348631351888065,0.003962923308830213
0.295298243248834,0.004222172749636838
0.3071101729787874,0.003467321277839726
0.3189221027087408,0.003069622783476831
0.3307340324386941,0.003181900603512578
0.34254596216864747,0.0029808884414610206
0.35435789189860084,0.0031613345011338766
0.3661698216285542,0.0035053914217438487
0.37798175135850753,0.003496918306141381
0.3897936810884609,0.0033405817932461697
0.4016056108184143,0.0029085740788025644
0.41341754054836766,0.0027727163920851544
0.425229470278321,0.002510550297376981
0.43704140000827435,0.002489602313699735
0.4488533297382277,0.002744774113231267
0.4606652594681811,0.0026019684764866727
0.4724771891981344,0.002237834504295266
0.4842891189280878,0.0019577934468161485
0.49610104865804117,0.0018321774576502223
0.5079129783879945,0.0018170320545184337
0.5197249081179479,0.0019064459698718184
0.5315368378479013,0.0021571463330891483
0.5433487675778546,0.002137759653482107
0.5551606973078079,0.002085826777025182
0.5669726270377613,0.002004421450071581
0.5787845567677147,0.0018427402874091395
0.590596486497668,0.0014904088276925696
0.6024084162276214,0.0015383699973561197
0.6142203459575748,0.001495102980330925
0.6260322756875282,0.00159170393006438
0.6378442054174815,0.0015890421102858026
0.6496561351474348,0.001511589872564348
0.6614680648773882,0.0014119490915415964
0.6732799946073416,0.0012431406059834917
0.6850919243372949,0.0011440253551747528
0.6969038540672483,0.0009874776427370258
0.7087157837972017,0.0008233100026410762
0.7205277135271551,0.0008621914382983871
0.7323396432571084,0.0010233694714069422
0.7441515729870617,0.0010715534713556503
0.7559635027170151,0.0010278358003889057
0.7677754324469684,0.001069000127024367
0.7795873621769218,0.00102855326348842
0.7913992919068752,0.000967216728285384
0.8032112216368286,0.0009569332721360977
0.8150231513667819,0.0009738051993776892
0.8268350810967353,0.0009445244728877115
0.8386470108266887,0.000945631999864419
0.850458940556642,0.0009618862602245267
0.8622708702865953,0.0009937987418734916
0.8740828000165487,0.0009824639256888878
0.8858947297465021,0.0010139237978405021
0.8977066594764554,0.0008844462640789526
0.9095185892064088,0.0007886006666576645
0.9213305189363622,0.0007657494303648068
0.9331424486663156,0.0006876174128217386
0.9449543783962688,0.0006760283411616552
0.9567663081262223,0.0006357170024873154
0.9685782378561756,0.0006318928761317742
0.9803901675861291,0.0006190294541360066
0.9922020973160823,0.0006178977648329326
1.0040140270460358,0.0006753146363046477
1.015825956775989,0.000711685066664394
1.0276378865059426,0.0007054956981370138
1.0394498162358958,0.0006479095854213368
1.0512617459658493,0.0005961678959869912
1.0630736756958026,0.0006189704709867801
1.074885605425756,0.0006387976983040119
1.086697535155709,0.0006136387571496841
1.0985094648856626,0.0005746685820541715
1.1103213946156159,0.0005498638450783649
1.1221333243455693,0.0006136994458504941
1.1339452540755226,0.0006325901892875384
1.145757183805476,0.0005953022238712122
1.1575691135354294,0.0005524890417637625
1.1693810432653828,0.0005178563179582663
1.181192972995336,0.0005001597798371089
1.1930049027252896,0.0005275645621476013
1.2048168324552428,0.0006011343826512113
1.2166287621851963,0.0006084590996197514
1.2284406919151496,0.0006340820554584656
1.240252621645103,0.0006037329110719945
1.2520645513750563,0.0006081318183313453
1.2638764811050098,0.0006241751304719057
1.275688410834963,0.0005963709225910594
1.2875003405649164,0.0005614716024332473
1.2993122702948696,0.0006092456866569568
1.311124200024823,0.0005821054094405633
1.3229361297547764,0.0006390533251799016
1.3347480594847299,0.0006328978653580315
1.3465599892146831,0.0005553437261765577
1.3583719189446366,0.0005316989895832871
1.3701838486745899,0.0005331753968102899
1.3819957784045434,0.0006116743948321651
1.3938077081344966,0.0006385970087961781
1.40561963786445,0.0006427313777827539
1.4174315675944034,0.0006260750686727611
1.4292434973243568,0.000568062455304732
1.4410554270543101,0.0005736917067093903
1.4528673567842636,0.0006092751496280756
1.4646792865142169,0.0006063329642050414
1.4764912162441701,0.0006272336660517928
1.4883031459741234,0.0006388563161308113
1.5001150757040769,0.0005862953322763331
1.5119270054340301,0.0006211855981011977
1.5237389351639836,0.0006402040659342934
1.5355508648939369,0.000615559059726342
1.5473627946238904,0.0005843996257410154
1.5591747243538436,0.0005074044179556481
1.5709866540837971,0.0005254873518714769
1.5827985838137504,0.0005278870693341757
1.5946105135437039,0.000510389806065717
1.6064224432736571,0.0004934950523306404
1.6182343730036106,0.00048070993550332266
1.6300463027335639,0.00042526930351906555
1.6418582324635174,0.0004450332622750081
1.6536701621934706,0.0004527301495864112
1.6654820919234241,0.0004319257703205668
1.6772940216533774,0.00040504989308753133
1.6891059513833306,0.0004283394136669708
1.700917881113284,0.0004156040308762684
1.7127298108432374,0.00046697756320000745
1.7245417405731907,0.00046611417132149947
1.7363536703031441,0.00048018482941585694
1.7481656000330974,0.0004470194051861348
1.7599775297630509,0.00042856425469894145
1.7717894594930041,0.00041480178295733315
1.7836013892229576,0.0003974891418352313
1.795413318952911,0.000422027054215171
1.8072252486828644,0.0003877703262904502
1.8190371784128176,0.00036278906204274857
1.8308491081427711,0.0003724985670784733
1.8426610378727244,0.0003767095054235869
1.8544729676026779,0.0004065525402869172
1.8662848973326311,0.0003804196912254455
1.8780968270625844,0.0003591260678548099
1.8899087567925377,0.00034854749246851643
1.901720686522491,0.00033647651993683707
1.9135326162524446,0.0003585895034738897
1.925344545982398,0.0003988298788991865
1.9371564757123512,0.0003889395712027811
1.9489684054423044,0.00038675417743779607
1.9607803351722581,0.0003675088843940768
1.9725922649022114,0.00037626951386885994
1.9844041946321647,0.0003818810447670176
1.996216124362118,0.0003600656141553248
2.0080280540920716,0.0003836090379916379
2.019839983822025,0.00037476123516240267
2.031651913551978,0.00037648142831274005
2.0434638432819314,0.00040486780337715327
2.055275773011885,0.0003844827644179497
2.0670877027418384,0.00035166212356546025
2.0788996324717917,0.00034190568597831206
2.090711562201745,0.00034921998931464947
2.1025234919316986,0.0003645599267663382
2.114335421661652,0.00041052871930573136
2.126147351391605,0.00038310753348420954
2.1379592811215584,0.000362154097138414
2.149771210851512,0.0003421239555552177
2.1615831405814654,0.00036830797392024486
2.173395070311418,0.00037781577677210246
2.1852070000413715,0.00038561757741733963
2.197018929771325,0.00039523182898840533
2.2088308595012784,0.0003779865522746137
2.2206427892312317,0.00035562259435447654
2.232454718961185,0.00039210497700303425
2.2442666486911387,0.00038966239638121695
2.256078578421092,0.0003669817007999775
2.267890508151045,0.000356333656840121
2.2797024378809985,0.00030582409530864385
2.291514367610952,0.0002983480486021559
2.3033262973409054,0.0003308890430682239
2.3151382270708587,0.00031862983947708264
2.326950156800812,0.0003212023605595724
2.3387620865307657,0.0003001703249598658
2.350574016260719,0.00034209251546949847
2.362385945990672,0.00031984645129302827
2.3741978757206255,0.00034267971055666844
2.386009805450579,0.0003457165448018999
2.3978217351805324,0.0003249407009092228
2.4096336649104857,0.000333568421988537
2.421445594640439,0.00036070701288147636
2.4332575243703927,0.0003458363946284138
2.445069454100346,0.0003528399664311006
2.456881383830299,0.0003731820374635428
2.4686933135602525,0.0003426045502981274
2.480505243290206,0.0003381440896711851
2.4923171730201594,0.00032149970398101784
2.5041291027501127,0.000335979128787729
2.515941032480066,0.000308830633450734
2.5277529622100197,0.0002863455511016696
2.539564891939973,0.00028817611409673874
2.551376821669926,0.0002692654693902313
2.5631887513998795,0.0002976700202716518
2.5750006811298327,0.0002918916189784891
2.586812610859786,0.00031393626494163554
2.5986245405897392,0.0002853072771111717
2.6104364703196925,0.0002920517918943103
2.622248400049646,0.00030239730333933215
2.6340603297795995,0.0002962294600741207
2.6458722595095527,0.00028183570910338357
2.657684189239506,0.00026778104625234346
2.6694961189694597,0.0003072997268718364
2.681308048699413,0.00031806607900607787
2.6931199784293662,0.0003333153022039219
2.7049319081593195,0.0003215830949967604
2.716743837889273,0.0002896055724402624
2.7285557676192265,0.0002769520553624903
2.7403676973491797,0.00027041456373276475
2.752179627079133,0.00025000625655934906
2.7639915568090867,0.0002547973799522946
2.77580348653904,0.00024312310198913197
2.7876154162689932,0.0002476595531967032
2.7994273459989465,0.0002477494586153216
2.8112392757289,0.00024478939501592094
2.8230512054588535,0.00025220385368465546
2.8348631351888067,0.00021358034970696068
2.84667506491876,0.0002373486716009316
2.8584869946487137,0.00022151851517822972
2.870298924378667,0.00023244816798668067
2.8821108541086202,0.0002532978018499232
2.8939227838385735,0.00026117239372820374
2.905734713568527,0.00025237502010019104
2.9175466432984805,0.0002660857807805436
2.9293585730284337,0.00025971469029795023
2.941170502758387,0.0002472578579860397
2.9529824324883402,0.00022794820444154283
2.9647943622182935,0.00023005273719778783
2.9766062919482468,0.00019405031129622358
2.9884182216782,0.00018055049394588427
3.0002301514081537,0.00018897303407010806
3.012042081138107,0.00021015777384988073
3.0238540108680603,0.0002168801079390316
3.0356659405980135,0.00021258885561861135
3.0474778703279672,0.00017732903911646074
3.0592898000579205,0.00022242904677646864
3.0711017297878738,0.00023554479727264782
3.082913659517827,0.0002517618040410427
3.0947255892477807,0.00023477398185397797
3.106537518977734,0.00027964944143132355
3.1183494487076873,0.0002496278179381967
3.1301613784376405,0.00023301874408700808
3.1419733081675942,0.00023934736118041633
3.1537852378975475,0.0002458368949979314
3.1655971676275008,0.00027610320687971213
3.177409097357454,0.0002390490631311246
3.1892210270874077,0.00024339220460333435
3.201032956817361,0.00022485141693604058
3.2128448865473143,0.000236069291877215
3.2246568162772675,0.00021107201969024447
3.2364687460072212,0.00021692593954352653
3.2482806757371745,0.00021380939182393197
3.2600926054671278,0.00021801399881362981
3.271904535197081,0.00023221843036409266
3.2837164649270347,0.00023254627676126785
3.295528394656988,0.0002556585120901762
3.3073403243869413,0.0002564871028678106
3.3191522541168945,0.00025754464558136724
3.3309641838468482,0.00024254883516439132
3.3427761135768015,0.0002668816713660562
3.3545880433067548,0.0002690220093507418
3.3663999730367076,0.00025925805659425923
3.3782119027666613,0.0002508062618930412
3.3900238324966145,0.0002762277388785799
3.401835762226568,0.0002667617093356318
3.413647691956521,0.0002773485635041056
3.4254596216864748,0.0002526624888282929
3.437271551416428,0.000264228353931721
3.4490834811463813,0.00022769704244384237
3.4608954108763346,0.0002482598507487195
3.4727073406062883,0.00023017630363676044
3.4845192703362415,0.0002509422271973712
3.496331200066195,0.0002483045853794474
3.508143129796148,0.0002473192251484031
3.5199550595261018,0.00026565820012314695
3.531766989256055,0.00026124537481809633
3.5435789189860083,0.00024574874052151255
3.5553908487159616,0.00027406641851060226
3.5672027784459153,0.00027701892469446745
3.5790147081758685,0.0002633494090362273
3.590826637905822,0.00026410209926085436
3.602638567635775,0.0002667923765291968
3.6144504973657288,0.0002704717612649801
3.626262427095682,0.0002676130265887181
3.6380743568256353,0.00026025137127789864
3.6498862865555886,0.00023731850152300174
3.6616982162855423,0.00024028735979113216
3.6735101460154955,0.0002435467710949087
3.685322075745449,0.00022310099344654888
3.697134005475402,0.00021828762497246628
3.7089459352053558,0.0002200820159669809
3.720757864935309,0.00021640859368199708
3.7325697946652623,0.0002089921559499375
3.7443817243952155,0.00022836859544187517
3.756193654125169,0.00022260601198896744
3.768005583855122,0.00022594299566750927
3.7798175135850753,0.00024307044356122143
3.791629443315029,0.0002264315491025323
3.803441373044982,0.00022086052289417137
3.8152533027749356,0.00022746390355407042
3.8270652325048893,0.0002353436878251099
3.838877162234842,0.0002375904570813967
3.850689091964796,0.00023896532932824913
3.8625010216947486,0.00026077036057688005
3.8743129514247023,0.0002465158433563448
3.886124881154656,0.0002141699347027734
3.897936810884609,0.00021767281326706944
3.9097487406145626,0.00020428534330970804
3.9215606703445163,0.00022200147709873266
3.933372600074469,0.00021141483421549913
3.945184529804423,0.0001987410805339252
3.9569964595343756,0.00019781687446419912
3.9688083892643293,0.0002022746292014761
3.980620318994283,0.00019468464014200582
3.992432248724236,0.00020976217150338685
4.004244178454189,0.00020027395281958663
4.016056108184143,0.00018532492032367497
4.027868037914096,0.0002209668818296697
4.03967996764405,0.0002070038706750981
4.051491897374002,0.0002051519482417206
4.063303827103956,0.00019550742841647096
4.07511575683391,0.00021471041019202096
4.086927686563863,0.0002152109053673137
4.098739616293816,0.00021201885073351097
4.11055154602377,0.0002070836029108264
4.122363475753723,0.00019763153259242942
4.134175405483677,0.0001846867342687863
4.145987335213629,0.0001755358109190635
4.157799264943583,0.00018502991122048345
4.169611194673537,0.00019454825495524464
4.18142312440349,0.00018852397450368498
4.193235054133443,0.0001881405824192952
4.205046983863397,0.00017185993610465428
4.21685891359335,0.00019969326068118237
4.228670843323304,0.00018528129378886385
4.240482773053256,0.00017876314295669552
4.25229470278321,0.00018546467310625995
4.264106632513164,0.00021010779810164598
4.275918562243117,0.0002004561601187395
4.28773049197307,0.00020386632325877836
4.299542421703024,0.00021216394164413622
4.311354351432977,0.00021121874383381897
4.323166281162931,0.00019731229725085736
4.334978210892883,0.0001954197570062044
4.346790140622836,0.0001834292442432476
4.358602070352791,0.00019955968624976858
4.370414000082743,0.00017624244554072252
4.382225929812697,0.0001924498229493499
4.39403785954265,0.00018857844509802667
4.405849789272604,0.00017803936013558553
4.417661719002557,0.00017400787416880627
4.42947364873251,0.00019466013171161363
4.441285578462463,0.00017826002159996505
4.453097508192418,0.00018728282761539805
4.46490943792237,0.00017799169936132787
4.476721367652324,0.00020257401556849128
4.488533297382277,0.00018801150946806924
4.500345227112231,0.0001956139604445306
4.512157156842184,0.00021522289107806663
4.523969086572137,0.0002196533564226737
4.53578101630209,0.00021721244929464895
4.547592946032045,0.00020836067461920917
4.559404875761997,0.00020871457035686195
4.571216805491951,0.00019142810324215422
4.583028735221904,0.00019315461308569206
4.594840664951858,0.0001961185734418343
4.606652594681811,0.00020085081737258162
4.618464524411764,0.00019644917789913706
4.630276454141717,0.00019755589196685758
4.6420883838716716,0.00019387833721350942
4.653900313601624,0.00017838231368773964
4.665712243331578,0.00020292321493976966
4.677524173061531,0.00019378056291513066
4.689336102791485,0.00019359732557409703
4.701148032521438,0.0001882409302638525
4.712959962251391,0.00018563814270292103
4.724771891981344,0.00020995479753428258
4.736583821711298,0.00019829386015612243
4.748395751441251,0.0001973362251478507
4.760207681171204,0.00020232092793100252
4.772019610901158,0.00021855656145500273
4.783831540631111,0.0002090744972415742
4.795643470361065,0.0002048126718485923
4.807455400091017,0.00020050894511494088
4.819267329820971,0.00019770390941720506
4.831079259550925,0.0001768431616072302
4.842891189280878,0.00020206787281675095
4.854703119010831,0.0001995562524012541
4.866515048740785,0.00018858384871739978
4.878326978470738,0.0001778599691164182
4.890138908200692,0.00017748173869093246
4.901950837930644,0.00018510137851539152
4.913762767660598,0.00018296209708549963
4.925574697390552,0.0001976604920948482
4.937386627120505,0.00019114989364883733
4.949198556850458,0.0001913145394826018
4.961010486580412,0.00018985162426575868
4.972822416310365,0.00020267676399502067
4.984634346040319,0.0001830835111854416
4.996446275770271,0.00019435203225484166
5.008258205500225,0.00018863169061785238
5.020070135230179,0.00017928105631857366
5.031882064960132,0.0001785155325259916
5.043693994690085,0.00017329353443296713
5.055505924420039,0.0001649235066214293
5.067317854149992,0.00017373920150842427
5.079129783879946,0.0001787155344220981
5.090941713609898,0.0001877226977977612
5.102753643339852,0.00016380658941781136
5.114565573069806,0.00015202714761686846
5.126377502799759,0.0001787178093450573
5.138189432529712,0.0001638660197860942
5.150001362259665,0.00015628406937736737
5.161813291989619,0.00017218286205891449
5.173625221719572,0.00018360779819041924
5.185437151449525,0.00018300281166395673
5.1972490811794785,0.00017580205340833488
5.209061010909433,0.00019660198940579806
5.220872940639385,0.0001793268492173237
5.232684870369339,0.00017670065896882917
5.244496800099292,0.00017933882283328404
5.256308729829246,0.0001665804539302948
5.268120659559199,0.00017175069109748786
5.279932589289152,0.00015640488574353295
5.2917445190191055,0.00014750935856559815
5.30355644874906,0.00016866909658322756
5.315368378479012,0.00015620467406928337
5.327180308208966,0.00014958892078042614
5.338992237938919,0.0001550546137564901
5.350804167668873,0.00015034057313605985
5.362616097398826,0.00014720935019467177
5.374428027128779,0.00014831957361273655
5.3862399568587325,0.00015865773415022028
5.398051886588687,0.0001501283841232892
5.409863816318639,0.00015812403089555686
5.421675746048593,0.00016584386768893125
5.433487675778546,0.00017802574697795923
5.4452996055085,0.00017191760573509067
5.457111535238453,0.00017118631866254962
5.468923464968406,0.00017461194158403828
5.4807353946983595,0.00016141404567117563
5.492547324428314,0.00018377049242039245
5.504359254158266,0.00017729551330499343
5.51617118388822,0.00014932997158690231
5.527983113618173,0.00015506795742803477
5.539795043348126,0.00016671558489586487
5.55160697307808,0.00015536449280813565
5.563418902808032,0.0001599400176361147
5.5752308325379865,0.00014157385654967928
5.58704276226794,0.0001587746865650616
5.598854691997893,0.00014457861171037408
5.610666621727846,0.00016864417037230504
5.6224785514578,0.00016135244353647886
5.634290481187753,0.0001459441202939939
5.646102410917707,0.00017055964077401138
5.657914340647659,0.00016147780002211004
5.6697262703776135,0.00017396044744707724
5.681538200107567,0.0001678476560968931
5.69335012983752,0.00017871353295305535
5.705162059567473,0.0001810011104155102
5.716973989297427,0.00017295797579145236
5.72878591902738,0.00015390658360540547
5.740597848757334,0.00016008596337940676
5.752409778487286,0.00016798593140702767
5.7642217082172404,0.0001512894163792118
5.776033637947194,0.00015282180442289576
5.787845567677147,0.0001489435783008766
5.7996574974071,0.00015958365901201028
5.811469427137054,0.00012795641681052488
5.823281356867007,0.00012223175560061174
5.835093286596961,0.0001379013983551046
5.846905216326913,0.00013297739266493588
5.858717146056867,0.00014789568495918577
5.870529075786821,0.00015861157760788623
5.882341005516774,0.00016577502801002158
5.894152935246727,0.00016621025005108124
5.9059648649766805,0.00016437237377388828
5.917776794706634,0.00015223875599816748
5.929588724436587,0.0001697849555192364
5.94140065416654,0.00016273883736734422
5.9532125838964935,0.0001467075027170478
5.965024513626448,0.0001496272092816469
5.9768364433564,0.0001514434453672854
5.988648373086354,0.0001608746535143922
6.0004603028163075,0.00016454761454406412
6.012272232546261,0.0001390683971644092
6.024084162276214,0.00013409797680929733
6.035896092006167,0.0001324199036907439
6.0477080217361205,0.0001365292550978188
6.059519951466075,0.00013768676675781843
6.071331881196027,0.00013900958101691267
6.083143810925981,0.00013503544070793457
6.0949557406559345,0.00012543292457866398
6.106767670385888,0.0001290583871608725
6.118579600115841,0.0001298806645857119
6.130391529845794,0.00015408381847848037
6.1422034595757475,0.00014366626688193002
6.154015389305702,0.0001450209170152536
6.165827319035654,0.00014491292476313217
6.177639248765608,0.00014154615785202506
6.1894511784955615,0.0001558593033784934
6.201263108225515,0.00014935105186386296
6.213075037955468,0.00014279362175745366
6.224886967685421,0.00013207627744040785
6.2366988974153745,0.0001325354207888464
6.248510827145329,0.00012239591309075776
6.260322756875281,0.00012098220497911344
6.272134686605235,0.00012047709340593142
6.2839466163351885,0.0001106496685166184
6.295758546065142,0.00012496240115536392
6.307570475795095,0.00012894745918600175
6.319382405525048,0.00012076321087516069
6.3311943352550015,0.00012482101072902547
6.343006264984955,0.0001390673316970304
6.354818194714908,0.00012355749236717144
6.366630124444861,0.00014211760823456862
6.3784420541748155,0.00014360227682073146
6.390253983904768,0.00014846700447986057
6.402065913634722,0.0001548247756791581
6.413877843364674,0.00014812957300879597
6.4256897730946285,0.00013897434019934996
6.437501702824582,0.00013544921856177233
6.449313632554535,0.00012622494806267538
6.461125562284488,0.00013988640556815993
6.4729374920144425,0.00013771150849283044
6.484749421744395,0.00013412317460889369
6.496561351474349,0.0001338959145062157
6.508373281204301,0.00011796379054516605
6.5201852109342555,0.00013596308644729158
6.531997140664209,0.0001324649437364806
6.543809070394162,0.00014194514944951812
6.555621000124115,0.00013127881615972295
6.5674329298540695,0.00013729141792010618
6.579244859584022,0.00014304701157852786
6.591056789313976,0.00015936408111424878
6.602868719043928,0.00014874089294469105
6.6146806487738825,0.0001593545553710516
6.626492578503836,0.0001339212535848616
6.638304508233789,0.00016317308791732445
6.650116437963742,0.00014474298435836576
6.6619283676936965,0.00013736680748620557
6.673740297423649,0.00013808348617400397
6.685552227153603,0.00013281335384523644
6.697364156883555,0.00012887679377240682
6.7091760866135095,0.00011959912177327841
6.720988016343463,0.00012642761552459337
6.732799946073415,0.00014390630490315333
6.744611875803369,0.00013765694687716128
6.756423805533323,0.00013020975827894457
6.768235735263276,0.00015352606354565652
6.780047664993229,0.00013081253888523153
6.791859594723182,0.0001381411463510505
6.803671524453136,0.00013343231409956489
6.81548345418309,0.00014311961647363476
6.827295383913042,0.00013478207563006887
6.839107313642996,0.00013976560057771264
6.8509192433729496,0.00015613841254216775
6.862731173102903,0.00013473993975928454
6.874543102832856,0.00014498499049231763
6.886355032562809,0.0001398928425881294
6.898166962292763,0.0001416851237294878
6.909978892022717,0.00015133748877086816
6.921790821752669,0.0001240461684962972
6.933602751482623,0.0001245524502361851
6.9454146812125765,0.00012845708472566779
6.95722661094253,0.00012918153574613427
6.969038540672483,0.00013907783034362446
6.980850470402436,0.00013265835591332175
6.99266240013239,0.00012825894640084324
7.004474329862344,0.00014685913828121932
7.016286259592296,0.00012921988197753725
7.02809818932225,0.00013184777535975498
7.0399101190522035,0.0001332176772005614
7.051722048782157,0.00013835185662015016
7.06353397851211,0.00013502848502456124
7.075345908242063,0.00015158132311092235
7.087157837972017,0.00013920726351930395
7.09896976770197,0.00013214002496162835
7.110781697431923,0.00013108467472591062
7.122593627161876,0.0001443538640476697
7.1344055568918305,0.0001406292224427723
7.146217486621783,0.00011704064077921207
7.158029416351737,0.00013342382874890026
7.169841346081689,0.00012953647878707937
7.181653275811644,0.00012275234878047605
7.193465205541597,0.00012851362446063202
7.20527713527155,0.00013733565771881448
7.217089065001503,0.00012432610225119833
7.2289009947314575,0.00011900388714813001
7.24071292446141,0.00012308618455740745
7.252524854191364,0.00013698943689687289
7.264336783921316,0.00013294077314576568
7.276148713651271,0.00011351420479946769
7.287960643381224,0.00013879655924659953
7.299772573111177,0.00014337541979354937
7.31158450284113,0.00011649402136668754
7.3233964325710845,0.00014327182587243534
7.335208362301037,0.00014284053296809962
7.347020292030991,0.00014192175814490367
7.358832221760943,0.00013444406727173495
7.370644151490898,0.00013802112470825455
7.382456081220851,0.00013016663387841306
7.394268010950804,0.0001134462124131414
7.406079940680757,0.00012357756684959126
7.4178918704107115,0.00012926222960738117
7.429703800140664,0.00011004955107827915
7.441515729870618,0.0001218800865393068
7.45332765960057,0.00010568841218460942
7.465139589330525,0.00011945433519586706
7.476951519060478,0.00013139716729724466
7.488763448790431,0.00012255185642941647
7.500575378520384,0.00012305905203218462
7.512387308250338,0.00012978729999302347
7.524199237980292,0.0001151651614431907
7.536011167710244,0.00014080964969658246
7.547823097440197,0.0001363997692370459
7.559635027170151,0.00012903673883696382
7.571446956900105,0.00015033178773294424
7.583258886630058,0.00014268818396368147
7.595070816360012,0.00013655978169908447
7.606882746089964,0.00015170005010563728
7.618694675819918,0.0001328763469906794
7.630506605549871,0.00012442905722387677
7.642318535279825,0.00011461788210064958
7.654130465009779,0.00012380255749654012
7.665942394739731,0.00012367721948295881
7.677754324469684,0.00011683240524032212
7.689566254199638,0.00012182986313080137
7.701378183929592,0.00012498500962563269
7.713190113659546,0.0001184775845781576
7.725002043389497,0.00013151567761931005
7.736813973119451,0.00013959373510436323
7.748625902849405,0.00013772580812718166
7.760437832579359,0.00014393802131634726
7.772249762309312,0.00015306535518699334
7.784061692039266,0.0001429431111949679
7.795873621769218,0.0001342747858395002
7.807685551499172,0.00013140180154377784
7.819497481229125,0.00013654548296297025
7.831309410959079,0.00013348011311974692
7.8431213406890326,0.00012256630224437436
7.854933270418985,0.0001256087203487346
7.866745200148938,0.00011726048471585064
7.878557129878892,0.0001324271750378778
7.890369059608846,0.00012294576541114295
7.902180989338799,0.00012295275208271057
7.913992919068751,0.00012678220704024615
7.9258048487987045,0.00012225679683522728
7.937616778528659,0.0001282685731542734
7.949428708258612,0.00012160583611845184
7.961240637988566,0.0001292437168957493
7.973052567718519,0.00013676300063130683
7.984864497448472,0.00011707689998449986
7.996676427178425,0.00013668265230944748
8.008488356908378,0.00014354950009166502
8.020300286638333,0.00013025613723364958
8.032112216368287,0.00013778029478279184
8.043924146098238,0.0001350214561657858
8.055736075828191,0.00013472074861881623
8.067548005558146,0.00014243349426208498
8.0793599352881,0.00013706124412728263
8.091171865018053,0.00014443636294276434
8.102983794748004,0.00012905269194950493
8.11479572447796,0.00011850394114810537
8.126607654207913,0.000127115403054177
8.138419583937866,0.00011727288338054073
8.15023151366782,0.0001241062032809957
8.162043443397774,0.00011315793547313948
8.173855373127726,0.00011870398673745203
8.185667302857679,0.00011348197560876879
8.197479232587632,0.00012603033931106653
8.209291162317587,0.00013059722078775213
8.22110309204754,0.0001269793267913775
8.232915021777492,0.0001327613110491131
8.244726951507445,0.00013241431310716085
8.2565388812374,0.0001403116040815734
8.268350810967354,0.0001381647343791929
8.280162740697307,0.0001334468736950536
8.291974670427258,0.00012533837850534053
8.303786600157213,0.00012865631485560719
8.315598529887167,0.00012076514166811666
8.32741045961712,0.00011594876221027409
8.339222389347073,0.00011812624386730745
8.351034319077026,0.0001125492915145789
8.36284624880698,0.00012265347342914473
8.374658178536933,0.00012035560854766114
8.386470108266886,0.00011089715459381744
8.39828203799684,0.00011202879853226461
8.410093967726795,0.00011027751083132987
8.421905897456746,0.00011467333417053409
8.4337178271867,0.00012311006695833856
8.445529756916653,0.00011906297444736115
8.457341686646608,0.0001111771496372221
8.46915361637656,0.00012510456139391954
8.480965546106512,0.0001273723585966133
8.492777475836466,0.00012346181413929225
8.50458940556642,0.0001219352489103911
8.516401335296374,0.0001221611355536154
8.528213265026327,0.0001293954363197668
8.54002519475628,0.00011808667586275254
8.551837124486234,0.00012479471395210987
8.563649054216187,0.00012132187334041046
8.57546098394614,0.00011037028723377263
8.587272913676093,0.00010961552042702327
8.599084843406049,0.0001156604248760486
8.610896773136,0.00010915271351543005
8.622708702865953,0.00011847030447438381
8.634520632595907,0.00011386039365998948
8.646332562325862,0.00012116648616149969
8.658144492055815,0.00011694268879015143
8.669956421785766,0.00011719241797547297
8.68176835151572,0.00012401044574068964
8.693580281245673,0.0001276104795372813
8.705392210975628,0.00012161543784915904
8.717204140705581,0.00014034570816427706
8.729016070435534,0.0001265892175045913
8.740828000165486,0.0001225568495737917
8.752639929895441,0.00011633955276559222
8.764451859625394,0.00011605988624680243
8.776263789355347,0.00012546551784395712
8.7880757190853,0.00012144471316294452
8.799887648815254,0.00011201881072127879
8.811699578545207,0.00011812527528739231
8.82351150827516,0.00011009895462876935
8.835323438005114,0.00011043426141540584
8.847135367735069,0.00011413248912805743
8.85894729746502,0.00012164728981945874
8.870759227194974,0.00012537638014200646
8.882571156924927,0.00011597067186631382
8.894383086654882,0.00012608891128782212
8.906195016384835,0.0001196121893847188
8.918006946114788,0.00012227383624333906
8.92981887584474,0.00012288288506950797
8.941630805574695,0.00013056140747249345
8.953442735304648,0.00012542629042211573
8.965254665034601,0.0001267841312818411
8.977066594764555,0.00012980595363587313
8.988878524494508,0.00014198081094016218
9.000690454224461,0.00013273039987381688
9.012502383954414,0.00011529547827147539
9.024314313684368,0.00011589521646077197
9.036126243414323,0.00011716503010276119
9.047938173144274,0.00011545267428750093
9.059750102874228,0.00011392582985466965
9.07156203260418,0.00011848657119138274
9.083373962334134,0.00011032641081273259
9.09518589206409,0.00010784712612873488
9.106997821794042,0.00011969932097288711
9.118809751523994,0.0001110484582871225
9.130621681253947,0.00011620672567675781
9.142433610983902,0.000119627082532351
9.154245540713855,0.00010966703362686966
9.166057470443809,0.00011577648853875457
9.17786940017376,0.00012838588572049555
9.189681329903715,0.00012070239890858349
9.201493259633668,0.00011904406884245108
9.213305189363622,0.00011234748597768466
9.225117119093575,0.0001143424223132393
9.236929048823528,0.00011618486137375688
9.248740978553482,9.243663605011317e-05
9.260552908283435,0.0001136267327107094
9.272364838013388,0.00011384844799191239
9.284176767743343,0.00010459118324499832
9.295988697473296,0.00010981375095254024
9.307800627203248,0.00011195375309767109
9.319612556933201,0.00010713164624512224
9.331424486663156,0.00011616209817220565
9.34323641639311,0.00010417239977451501
9.355048346123063,0.00011877226541554332
9.366860275853014,0.00011199310348109791
9.37867220558297,0.00011137199155476417
9.390484135312922,0.00013337682626499627
9.402296065042876,0.00011299227241773101
9.414107994772829,0.0001071015900447285
9.425919924502782,0.00011695585851117737
9.437731854232736,0.00011230188415652408
9.449543783962689,0.0001349893025301581
9.461355713692642,0.00012204655375841132
9.473167643422595,0.00010553694018984251
9.48497957315255,0.00012487261967063693
9.496791502882502,0.0001088533801183436
9.508603432612455,9.48274072606263e-05
9.520415362342408,0.00010343448824328521
9.532227292072363,9.103845499267198e-05
9.544039221802317,9.78732984018546e-05
9.555851151532268,9.487236171052523e-05
9.567663081262221,9.59410438750409e-05
9.579475010992176,0.00010478175726439792
9.59128694072213,0.00010184066445692319
9.603098870452083,9.806907624787872e-05
9.614910800182034,0.00010821464764339732
9.62672272991199,0.00011148093593445228
9.638534659641943,0.00010723048132124904
9.650346589371896,0.00010717953231653182
9.66215851910185,0.00011795717215416707
9.673970448831804,0.00011753151115979278
9.685782378561756,0.00010379742469471487
9.697594308291709,0.00012010866237091637
9.709406238021662,0.0001067623919225745
9.721218167751617,0.0001023056784332882
9.73303009748157,9.898088018553658e-05
9.744842027211522,0.0001046414299559542
9.756653956941475,9.814546340468591e-05
9.76846588667143,0.00011696330078703598
9.780277816401384,0.00010025138003741309
9.792089746131337,9.963239174716034e-05
9.803901675861288,0.00010033068859072416
9.815713605591244,9.991756128715709e-05
9.827525535321197,0.00011294224649832834
9.83933746505115,0.00011283397528935497
9.851149394781103,0.00011294303161476841
9.862961324511057,0.00011214109664640709
9.87477325424101,0.00010540015897175038
9.886585183970963,0.00011878722591621716
9.898397113700916,0.00011325229169381947
9.91020904343087,0.00010315737002436637
9.922020973160825,0.00011960511860577839
9.933832902890776,0.00011278869313924967
9.94564483262073,0.00011185480693602592
9.957456762350683,0.00011261573160607325
9.969268692080638,0.00010666579702841566
9.981080621810591,0.00010032979400367811
9.992892551540542,0.00011179557981101452
10.004704481270496,9.360477956742404e-05
10.01651641100045,0.0001030905446003636
10.028328340730404,0.00010108324932184872
10.040140270460357,9.305879237708437e-05
10.05195220019031,0.00010188940589061237
10.063764129920264,0.00010969224888327061
10.075576059650217,0.00010603934931027975
10.08738798938017,0.00011951226135313364
10.099199919110124,0.00010749435624359465
10.111011848840079,0.0001128586434641024
10.12282377857003,0.00011801057822664399
10.134635708299983,0.00010048841475370227
10.146447638029937,0.00010558802480253685
10.158259567759892,0.00010737110970588711
10.170071497489845,9.706164506635779e-05
10.181883427219796,9.880150993507103e-05
10.19369535694975,0.00010728548863837033
10.205507286679705,0.00011030635074968736
10.217319216409658,0.00010493336247395391
10.229131146139611,0.00010355865155521145
10.240943075869565,0.0001091414758116462
10.252755005599518,0.000115747793775075
10.264566935329471,0.00010057776919721048
10.276378865059424,0.00010017268872955139
10.288190794789378,9.675854331131975e-05
10.30000272451933,0.00010389097189186352
10.311814654249284,0.00010884246788548096
10.323626583979237,0.00010639759632757299
10.33543851370919,0.00010695291764597317
10.347250443439144,0.00011588869624186638
10.359062373169099,0.00011001745644605229
10.37087430289905,0.00010096841351280443
10.382686232629004,0.00010903485911920676
10.394498162358957,0.00010806328997480267
10.406310092088912,0.00010815216003795651
10.418122021818865,9.990904998468822e-05
10.429933951548819,0.00010248747202349945
10.44174588127877,0.00010745609242186956
10.453557811008725,0.00010669119960233745
10.465369740738678,8.808849929414196e-05
10.477181670468632,8.964938784980965e-05
10.488993600198585,9.352500173978232e-05
10.500805529928538,8.854338210411814e-05
10.512617459658491,9.23797854733594e-05
10.524429389388445,9.967141162605117e-05
10.536241319118398,9.838539726237378e-05
10.548053248848353,0.00010027785697170973
10.559865178578304,9.66045444814475e-05
10.571677108308258,9.604450612211041e-05
10.583489038038211,0.00010722277289722063
10.595300967768166,0.0001138721360235229
10.60711289749812,9.427716466866573e-05
10.618924827228073,0.00010528480503313571
10.630736756958024,0.00010430634150601486
10.642548686687979,8.591222852325685e-05
10.654360616417932,9.282218190270877e-05
10.666172546147886,8.41289526648251e-05
10.677984475877839,8.271876206300908e-05
10.689796405607792,8.893931140686504e-05
10.701608335337745,9.463911969586288e-05
10.713420265067699,9.0483131711988e-05
10.725232194797652,8.329974062547138e-05
10.737044124527605,9.521183389390711e-05
10.748856054257558,8.947511909857853e-05
10.760667983987512,9.683874719852588e-05
10.772479913717465,9.563036259508875e-05
10.784291843447418,0.00010274912145758016
10.796103773177373,0.0001009120837248618
10.807915702907327,9.88963290643394e-05
10.819727632637278,9.779169969542192e-05
10.831539562367231,9.518046446799299e-05
10.843351492097186,0.00010630023949556757
10.85516342182714,0.00010079946148036433
10.866975351557093,7.968508134902563e-05
10.878787281287044,8.604593090141587e-05
10.890599211017,8.212360540375003e-05
10.902411140746953,7.951097122368632e-05
10.914223070476906,9.103936120417336e-05
10.92603500020686,8.236007723318163e-05
10.937846929936812,8.72545789257093e-05
10.949658859666766,8.695049800101395e-05
10.961470789396719,8.339080054983309e-05
10.973282719126672,9.679707556419005e-05
10.985094648856627,8.979490975737402e-05
10.99690657858658,8.338223248208872e-05
11.008718508316532,8.176035740247883e-05
11.020530438046485,8.842964969749543e-05
11.03234236777644,8.641983978570207e-05
11.044154297506394,8.576675550308401e-05
11.055966227236347,9.718657672504688e-05
11.067778156966298,9.77160279016344e-05
11.079590086696252,9.043962792165313e-05
11.091402016426207,8.0838728878999e-05
11.10321394615616,8.226027712509402e-05
11.115025875886113,8.841058686099508e-05
11.126837805616065,9.701326999100503e-05
11.13864973534602,8.599731460657955e-05
11.150461665075973,9.274829663120644e-05
11.162273594805926,8.336033117493837e-05
11.17408552453588,7.993975252342687e-05
11.185897454265834,8.15902403744357e-05
11.197709383995786,8.280512732152755e-05
11.20952131372574,9.35343181942507e-05
11.221333243455692,8.524225266931487e-05
11.233145173185648,7.92984532133064e-05
11.2449571029156,9.314242535117674e-05
11.256769032645552,9.53601122016891e-05
11.268580962375506,8.552355478719736e-05
11.28039289210546,0.00010444861308266931
11.292204821835414,9.482250570443412e-05
11.304016751565367,7.32985578675907e-05
11.315828681295319,8.750378635451244e-05
11.327640611025274,8.392584527421806e-05
11.339452540755227,8.390479963783105e-05
11.35126447048518,8.976345063501563e-05
11.363076400215133,8.805381958953475e-05
11.374888329945088,8.645039701004425e-05
11.38670025967504,7.907343205694538e-05
11.398512189404993,7.843907541843395e-05
11.410324119134946,8.447178098350704e-05
11.422136048864902,7.997263016893899e-05
11.433947978594855,7.268154522362985e-05
11.445759908324806,7.780978642122643e-05
11.45757183805476,8.919132153896446e-05
11.469383767784713,8.693354385805286e-05
11.481195697514668,8.563656389950327e-05
11.493007627244621,9.385455712023373e-05
11.504819556974573,8.794979449617343e-05
11.516631486704526,8.825223270081379e-05
11.528443416434481,8.943058086495247e-05
11.540255346164434,8.387757619350226e-05
11.552067275894387,9.111547376752494e-05
11.56387920562434,8.108001174492504e-05
11.575691135354294,8.268629146782306e-05
11.587503065084247,7.295483806377945e-05
11.5993149948142,8.427409237219254e-05
11.611126924544154,8.177173961037227e-05
11.622938854274109,6.974137890689632e-05
11.63475078400406,7.779132987409913e-05
11.646562713734014,6.973819150585752e-05
11.658374643463967,7.015679351847731e-05
11.670186573193922,7.350584119543688e-05
11.681998502923875,8.159902347695834e-05
11.693810432653827,8.06959686760552e-05
11.70562236238378,8.94893924386703e-05
11.717434292113735,8.679061712105383e-05
11.729246221843688,8.152967465332676e-05
11.741058151573641,7.947495031081415e-05
11.752870081303595,7.956436063065129e-05
11.764682011033548,8.150624504867841e-05
11.776493940763501,8.677149883756285e-05
11.788305870493454,7.669746321239281e-05
11.800117800223408,7.7499588482705e-05
11.811929729953361,7.383935079481137e-05
11.823741659683314,7.840614210474335e-05
11.835553589413268,7.774109746310547e-05
11.84736551914322,6.760013972679151e-05
11.859177448873174,6.580993547816513e-05
11.870989378603129,7.129441994540627e-05
11.88280130833308,5.8950808802319e-05
11.894613238063034,6.839011588898653e-05
11.906425167792987,8.09004584671684e-05
11.918237097522942,7.922786624953852e-05
11.930049027252895,8.527780178512102e-05
11.941860956982849,9.487660834341426e-05
11.9536728867128,8.206485342441644e-05
11.965484816442755,9.166644091213323e-05
11.977296746172708,8.050225536072288e-05
11.989108675902662,8.721266824989535e-05
12.000920605632615,0.00010189552230146053
12.012732535362568,9.511042465819589e-05
12.024544465092522,9.097105075865358e-05
12.036356394822475,6.994949139871996e-05
12.048168324552428,7.678769364896781e-05
12.059980254282383,8.123780103158946e-05
12.071792184012335,8.401999763198975e-05
12.083604113742288,7.44270083003815e-05
12.095416043472241,9.018475403468762e-05
12.107227973202196,7.926897304379326e-05
12.11903990293215,7.421542161931785e-05
12.130851832662103,7.835389595834423e-05
12.142663762392054,7.339387815336495e-05
12.15447569212201,6.850686975724089e-05
12.166287621851962,9.05674385646051e-05
12.178099551581916,9.271604434615226e-05
12.189911481311869,7.893421880573852e-05
12.201723411041822,8.808994632760122e-05
12.213535340771775,8.899853084536624e-05
12.225347270501729,8.074845845112891e-05
12.237159200231682,8.31744581351724e-05
12.248971129961635,9.182683402831201e-05
12.260783059691589,8.325328816620192e-05
12.272594989421542,8.06690542350467e-05
12.284406919151495,9.025590364486737e-05
12.296218848881448,8.544911233880566e-05
12.308030778611403,7.937312393368206e-05
12.319842708341357,8.082753573302464e-05
12.331654638071308,6.893383469901634e-05
12.343466567801261,7.044974099052869e-05
12.355278497531216,8.293626957837757e-05
12.36709042726117,7.944753698417525e-05
12.378902356991123,9.451438606865171e-05
12.390714286721074,9.84788368513419e-05
12.40252621645103,9.284840858973124e-05
12.414338146180983,9.875121489128688e-05
12.426150075910936,8.873101402788645e-05
12.43796200564089,8.273064199863611e-05
12.449773935370843,8.731157535448266e-05
12.461585865100796,8.899488156269103e-05
12.473397794830749,8.36264443150748e-05
12.485209724560702,8.022384056674972e-05
12.497021654290657,6.702790264009566e-05
12.50883358402061,8.6207021718026e-05
12.520645513750562,8.762897667701558e-05
12.532457443480515,7.535298617097574e-05
12.54426937321047,8.508396844448139e-05
12.556081302940424,8.182576822928053e-05
12.567893232670377,7.203515065155538e-05
12.579705162400328,6.999727370735737e-05
12.591517092130283,7.160360164480491e-05
12.603329021860237,6.883500542475202e-05
12.61514095159019,8.155037218938465e-05
12.626952881320143,7.919710437729345e-05
12.638764811050097,8.979142930615697e-05
12.65057674078005,8.72746941066484e-05
12.662388670510003,8.54724947139351e-05
12.674200600239956,9.945657416814089e-05
12.68601252996991,9.857260909012142e-05
12.697824459699865,8.554671345944579e-05
12.709636389429816,8.187229412305633e-05
12.72144831915977,6.501784009428327e-05
12.733260248889723,6.672824541633773e-05
12.745072178619678,8.4904544572377e-05
12.756884108349631,7.449535272552794e-05
12.768696038079582,6.945908114685703e-05
12.780507967809536,7.714627832765165e-05
12.79231989753949,7.291527612720837e-05
12.804131827269444,7.569107619610864e-05
12.815943756999397,8.254837113267576e-05
12.827755686729349,8.568149405085042e-05
12.839567616459304,7.718348594848064e-05
12.851379546189257,6.946910692360938e-05
12.86319147591921,8.453646294132482e-05
12.875003405649164,8.311622812280994e-05
12.886815335379119,7.504211464215963e-05
12.89862726510907,8.599667005695235e-05
12.910439194839023,9.214075135034176e-05
12.922251124568977,9.318893133752513e-05
12.934063054298932,8.83356446083979e-05
12.945874984028885,8.801169659978783e-05
12.957686913758836,8.564469455851744e-05
12.96949884348879,8.505084249980864e-05
12.981310773218745,6.848314004265952e-05
12.993122702948698,8.36196546040085e-05
13.004934632678651,8.263990462714539e-05
13.016746562408603,8.238398179675487e-05
13.028558492138558,7.927553833334774e-05
13.040370421868511,8.247656481535708e-05
13.052182351598464,8.35698878051456e-05
13.063994281328418,8.795295984225414e-05
13.07580621105837,8.267687545621388e-05
13.087618140788324,8.121497879290213e-05
13.099430070518277,0.00010493227788673504
13.11124200024823,7.17805199955145e-05
13.123053929978184,8.658843563584128e-05
13.134865859708139,9.740054411816983e-05
13.14667778943809,8.40776300979711e-05
13.158489719168044,9.28556670725392e-05
13.170301648897997,9.751162906101988e-05
13.182113578627952,8.191416965074144e-05
13.193925508357905,8.180948241668771e-05
13.205737438087857,9.836126825414302e-05
13.21754936781781,8.456772456251768e-05
13.229361297547765,8.258197311692184e-05
13.241173227277718,9.252529675184865e-05
13.252985157007672,8.593127841035444e-05
13.264797086737625,7.353716088373569e-05
13.276609016467578,8.169812686304248e-05
13.288420946197531,8.063650596809464e-05
13.300232875927485,8.203581909236515e-05
13.312044805657438,9.593199407847672e-05
13.323856735387393,8.866068818387258e-05
13.335668665117344,9.092838122462444e-05
13.347480594847298,0.00010343250624424609
13.359292524577251,9.06168994959946e-05
13.371104454307206,9.155721128060623e-05
13.38291638403716,0.0001023063401633602
13.39472831376711,9.834740482808273e-05
13.406540243497064,9.459632048440982e-05
13.418352173227019,9.04167168417152e-05
13.430164102956972,8.541550333227607e-05
13.441976032686926,9.116218352061939e-05
13.453787962416879,8.422998862122903e-05
13.46559989214683,8.349174890362011e-05
13.477411821876785,8.74238196493464e-05
13.489223751606739,8.75339910054688e-05
13.501035681336692,9.041696389564074e-05
13.512847611066645,8.75006102137187e-05
13.524659540796598,8.759618551459704e-05
13.536471470526552,9.410421604594061e-05
13.548283400256505,8.786667095045541e-05
13.560095329986458,8.484309882190903e-05
13.571907259716413,8.78189701437349e-05
13.583719189446365,9.434194695365249e-05
13.595531119176318,0.00010460759909901631
13.607343048906271,9.789605264317336e-05
13.619154978636226,9.06328387442932e-05
13.63096690836618,0.00010274759290262786
13.642778838096133,9.164406437773676e-05
13.654590767826084,8.251540218542984e-05
13.66640269755604,9.015773755625375e-05
13.678214627285993,8.03295706309585e-05
13.690026557015946,7.013065182284686e-05
13.701838486745899,8.631222490160581e-05
13.713650416475852,7.286319678525725e-05
13.725462346205806,8.862062021165255e-05
13.737274275935759,9.963510806701321e-05
13.749086205665712,8.17067898687593e-05
13.760898135395667,8.414821204196779e-05
13.772710065125619,8.755959553040213e-05
13.784521994855572,8.160557850631994e-05
13.796333924585525,8.268213213281117e-05
13.80814585431548,8.147935550252905e-05
13.819957784045434,9.362571290964443e-05
13.831769713775387,9.167983073041774e-05
13.843581643505338,9.029876969009455e-05
13.855393573235292,9.228568724901371e-05
13.867205502965247,9.64466219486491e-05
13.8790174326952,8.327226505061396e-05
13.890829362425153,7.418243723622595e-05
13.902641292155105,7.938719657836821e-05
13.91445322188506,7.697038056084964e-05
13.926265151615013,8.053430130430877e-05
13.938077081344966,8.093701552865462e-05
13.94988901107492,7.297642454707629e-05
13.961700940804873,8.109228319209612e-05
13.973512870534826,8.160440001734942e-05
13.98532480026478,7.956502052140969e-05
13.997136729994732,8.328223941648682e-05
14.008948659724688,8.843533797110931e-05
14.02076058945464,7.086920340105433e-05
14.032572519184592,8.476331232831985e-05
14.044384448914546,8.888924308807359e-05
14.0561963786445,8.175507194526347e-05
14.068008308374454,7.901573778457592e-05
14.079820238104407,9.106688131416539e-05
14.091632167834359,8.394274728805021e-05
14.103444097564314,9.063094159550837e-05
14.115256027294267,9.94908881678715e-05
14.12706795702422,7.637822622284927e-05
14.138879886754173,8.28527105026664e-05
14.150691816484127,0.00010609489257243514
14.16250374621408,8.389835036498135e-05
14.174315675944033,7.640314234005948e-05
14.186127605673986,8.818321420459298e-05
14.19793953540394,8.157244241225798e-05
14.209751465133895,7.635158196120452e-05
14.221563394863846,8.382195770342738e-05
14.2333753245938,8.733453454523013e-05
14.245187254323753,8.286452677786216e-05
14.256999184053708,8.7440228234086e-05
14.268811113783661,8.080859913496347e-05
14.280623043513613,8.42497016039743e-05
14.292434973243566,0.00010065828485991078
14.30424690297352,9.225398014954124e-05
14.316058832703474,8.988442096160362e-05
14.327870762433427,0.0001032615161346972
14.339682692163379,0.00010049532314999585
14.351494621893334,8.540937071410895e-05
14.363306551623287,8.532782347986785e-05
14.37511848135324,8.30615248944469e-05
14.386930411083194,8.421871683778835e-05
14.398742340813149,8.923206761157316e-05
14.4105542705431,9.227460763803675e-05
14.422366200273053,8.947220997879268e-05
14.434178130003007,8.311876134447447e-05
14.445990059732962,8.686905618942407e-05
14.457801989462915,9.161286169446581e-05
14.469613919192867,9.865686829545587e-05
14.48142584892282,0.00010345668217359595
14.493237778652775,8.311436343703714e-05
14.505049708382728,0.00010293918815036105
14.516861638112681,0.00010229154573885699
14.528673567842633,8.991918588966651e-05
14.540485497572588,9.725269392168385e-05
14.552297427302541,0.00010346313903971801
14.564109357032494,7.970307425399812e-05
14.575921286762448,8.497669225452807e-05
14.587733216492401,9.473731643193003e-05
14.599545146222354,8.192925958386624e-05
14.611357075952307,9.43640578462143e-05
14.62316900568226,9.040558210493943e-05
14.634980935412214,8.148891888716753e-05
14.646792865142169,9.12589930407945e-05
14.65860479487212,9.214516218446344e-05
14.670416724602074,8.768871535560351e-05
14.682228654332027,7.815120758571272e-05
14.694040584061982,9.153402765749692e-05
14.705852513791935,9.664147368330022e-05
14.717664443521887,8.39270879651931e-05
14.72947637325184,8.518577996280565e-05
14.741288302981795,0.00010179990434721393
14.753100232711748,9.687698857304694e-05
14.764912162441702,9.048333459030123e-05
14.776724092171655,9.132875809469958e-05
14.788536021901608,9.749211125204492e-05
14.800347951631561,9.261724164651734e-05
14.812159881361515,9.632129026798618e-05
14.823971811091468,9.254744796509211e-05
14.835783740821423,8.31726316656398e-05
14.847595670551375,9.536041198672784e-05
14.859407600281328,7.931668133747695e-05
14.871219530011281,7.494420095561713e-05
14.883031459741236,9.318159557364853e-05
14.89484338947119,8.075744560917894e-05
14.90665531920114,8.264421335383062e-05
14.918467248931094,7.994548980241756e-05
14.93027917866105,8.890477734528793e-05
14.942091108391002,9.063205563506589e-05
14.953903038120956,9.650553256865099e-05
14.965714967850909,9.862238652161097e-05
14.977526897580862,0.00011104170785061726
14.989338827310815,0.00010321484722588689
